Workbook

Sheet RAB

Sheet IURAN WARGA
A1: DAFTAR SIMPANAN ANGGOTA DANA KEBERSAMAAN PEGAWAI 625
A2: 1 | B2: 2 | F2: =#REF!+1 -> #REF! | G2: =F2+1 -> #REF! | H2: =#REF!+1 -> #REF! | I2: =#REF!+1 -> #REF! | J2: =#REF!+1 -> #REF! | K2: =#REF!+1 -> #REF! | L2: =#REF!+1 -> #REF! | M2: =#REF!+1 -> #REF! | N2: =#REF!+1 -> #REF! | O2: =#REF!+1 -> #REF! | ... S2: =#REF!+1 -> #REF! | T2: =S2+1 -> #REF! | U2: =#REF!+1 -> #REF! | V2: =#REF!+1 -> #REF! | W2: =#REF!+1 -> #REF! | X2: =#REF!+1 -> #REF! | Y2: =#REF!+1 -> #REF! | Z2: =#REF!+1 -> #REF! | AA2: =#REF!+1 -> #REF! | AB2: =#REF!+1 -> #REF! | ... AE2: =#REF!+1 -> #REF! | BG2: =#REF!+1 -> #REF!
A3: TAHUN | G3: TAHUN 2024 | T3: TAHUN 2025 | AG3: TAHUN 2026 | AT3: TAHUN 2027
A4: No | B4: Blok | C4: Nama Pemilik | D4: Jenis Hunian | E4: Kondisi | F4: Saldo | G4: 1 | H4: 2 | I4: 3 | J4: 4 | K4: 5 | L4: 6 | M4: 7 | N4: 8 | O4: 9 | P4: 10 | Q4: 11 | R4: 12 | S4: Saldo Akhir | T4: 1 | U4: 2 | V4: 3 | W4: 4 | X4: 5 | Y4: 6 | Z4: 7 | AA4: 8 | AB4: 9 | AC4: 10 | AD4: 11 | AE4: 12 | AF4: Saldo | AG4: 1 | AH4: 2 | AI4: 3 | AJ4: 4 | AK4: 5 | AL4: 6 | AM4: 7 | AN4: 8 | AO4: 9 | AP4: 10 | AQ4: 11 | AR4: 12 | AS4: Saldo Akhir | AT4: 1 | AU4: 2 | AV4: 3 | AW4: 4 | AX4: 5 | AY4: 6 | AZ4: 7 | BA4: 8 | BB4: 9 | BC4: 10 | BD4: 11 | BE4: 12 | BF4: Saldo | BG4: KETERANGAN
A5: 1 | B5: A-01 | C5: Leni | D5: Tanah Kosong | E5: Proses Bangun | F5: 0 | S5: =SUM(G5:R5) -> 0 | AF5: =SUM(T5:AE5) -> 0 | AS5: =SUM(AG5:AR5) -> 0 | BF5: =SUM(AT5:BE5) -> 0 | BH5: 0 | BI5: =S5-BH5 -> 0
A6: =A5+1 -> 2 | B6: A-02 | C6: Muhammad Mursyidi | D6: Rumah Tinggal | E6: Dihuni pribadi | F6: 0 | S6: =SUM(G6:R6) -> 0 | T6: 100000 | U6: 100000 | V6: 100000 | W6: 100000 | X6: 100000 | Y6: 100000 | Z6: 100000 | AA6: 100000 | AB6: 100000 | AC6: 100000 | AD6: 100000 | AE6: 100000 | AF6: =SUM(T6:AE6) -> 1200000 | AG6: 100000 | AH6: 100000 | AI6: 100000 | AJ6: 100000 | AK6: 100000 | AS6: =SUM(AG6:AR6) -> 500000 | BF6: =SUM(AT6:BE6) -> 0 | BH6: 0 | BI6: =S6-BH6 -> 0
A7: =A6+1 -> 3 | B7: A-03 | C7: Leni | D7: Rumah Tinggal | E7: Dikontrakkan | F7: 0 | S7: =SUM(G7:R7) -> 0 | T7: 100000 | AF7: =SUM(T7:AE7) -> 100000 | AG7: 100000 | AH7: 100000 | AI7: 100000 | AS7: =SUM(AG7:AR7) -> 300000 | BF7: =SUM(AT7:BE7) -> 0 | BH7: 0 | BI7: =S7-BH7 -> 0
A8: =A7+1 -> 4 | B8: A-04 | C8: Sutiaji | D8: Rumah Tinggal | E8: kosong | F8: 0 | S8: =SUM(G8:R8) -> 0 | T8: 100000 | U8: 100000 | V8: 100000 | W8: 100000 | X8: 100000 | Y8: 100000 | Z8: 100000 | AA8: 100000 | AB8: 100000 | AC8: 100000 | AD8: 100000 | AE8: 100000 | AF8: =SUM(T8:AE8) -> 1200000 | AG8: 100000 | AH8: 100000 | AI8: 100000 | AJ8: 100000 | AK8: 100000 | AS8: =SUM(AG8:AR8) -> 500000 | BF8: =SUM(AT8:BE8) -> 0 | BH8: 0 | BI8: =S8-BH8 -> 0
A9: =A8+1 -> 5 | B9: A-05 | C9: Hendro | D9: Rumah Tinggal | E9: kosong | F9: 0 | G9: 100000 | H9: 100000 | I9: 100000 | J9: 100000 | K9: 100000 | S9: =SUM(G9:R9) -> 500000 | X9: 100000 | Y9: 100000 | Z9: 100000 | AA9: 100000 | AB9: 100000 | AC9: 100000 | AD9: 100000 | AE9: 100000 | AF9: =SUM(T9:AE9) -> 800000 | AG9: 100000 | AH9: 100000 | AI9: 100000 | AJ9: 100000 | AS9: =SUM(AG9:AR9) -> 400000 | BF9: =SUM(AT9:BE9) -> 0 | BH9: 0 | BI9: =S9-BH9 -> 500000
A10: =A9+1 -> 6 | B10: A-06 | C10: Lukman Isya | D10: Rumah Tinggal | E10: Dihuni sendiri | F10: 0 | S10: =SUM(G10:R10) -> 0 | T10: 100000 | U10: 100000 | V10: 100000 | W10: 100000 | X10: 100000 | Y10: 100000 | Z10: 100000 | AA10: 100000 | AB10: 100000 | AC10: 100000 | AD10: 100000 | AE10: 100000 | AF10: =SUM(T10:AE10) -> 1200000 | AG10: 100000 | AH10: 100000 | AI10: 100000 | AJ10: 100000 | AK10: 100000 | AL10: 100000 | AM10: 100000 | AN10: 100000 | AO10: 100000 | AP10: 100000 | AQ10: 100000 | AR10: 100000 | AS10: =SUM(AG10:AR10) -> 1200000 | BF10: =SUM(AT10:BE10) -> 0 | BH10: 0 | BI10: =S10-BH10 -> 0
A11: =A10+1 -> 7 | B11: A-07 | C11: Ari Cahya Permata | D11: Rumah Tinggal | E11: Dikontrakkan | F11: 0 | S11: =SUM(G11:R11) -> 0 | T11: 100000 | U11: 100000 | V11: 100000 | W11: 100000 | X11: 100000 | Y11: 100000 | Z11: 100000 | AA11: 100000 | AB11: 100000 | AC11: 100000 | AD11: 100000 | AE11: 100000 | AF11: =SUM(T11:AE11) -> 1200000 | AG11: 100000 | AH11: 100000 | AI11: 100000 | AJ11: 150000 | AK11: 100000 | AL11: 100000 | AM11: 100000 | AN11: 100000 | AO11: 100000 | AP11: 100000 | AQ11: 100000 | AR11: 100000 | AS11: =SUM(AG11:AR11) -> 1250000 | BF11: =SUM(AT11:BE11) -> 0 | BH11: 0 | BI11: =S11-BH11 -> 0
A12: =A11+1 -> 8 | B12: A-08 | C12: Lusi | D12: Rumah Tinggal | E12: kosong | F12: 0 | S12: =SUM(G12:R12) -> 0 | T12: 100000 | U12: 100000 | V12: 100000 | W12: 100000 | X12: 100000 | Y12: 100000 | Z12: 100000 | AA12: 100000 | AB12: 100000 | AC12: 100000 | AD12: 100000 | AE12: 100000 | AF12: =SUM(T12:AE12) -> 1200000 | AS12: =SUM(AG12:AR12) -> 0 | BF12: =SUM(AT12:BE12) -> 0 | BH12: 0 | BI12: =S12-BH12 -> 0
A13: =A12+1 -> 9 | B13: A-09 | C13: Rahmad | D13: Rumah Tinggal | E13: Kantor | F13: 0 | S13: =SUM(G13:R13) -> 0 | T13: 100000 | U13: 100000 | V13: 100000 | W13: 100000 | X13: 100000 | Y13: 100000 | Z13: 100000 | AA13: 100000 | AB13: 100000 | AC13: 100000 | AD13: 100000 | AE13: 100000 | AF13: =SUM(T13:AE13) -> 1200000 | AG13: 100000 | AH13: 100000 | AI13: 100000 | AJ13: 100000 | AS13: =SUM(AG13:AR13) -> 400000 | BF13: =SUM(AT13:BE13) -> 0 | BH13: 0 | BI13: =S13-BH13 -> 0
A14: =A13+1 -> 10 | B14: A-10 | C14: Siregar | D14: Rumah Tinggal | E14: Dihuni sendiri | F14: 0 | S14: =SUM(G14:R14) -> 0 | T14: 100000 | U14: 100000 | V14: 100000 | W14: 100000 | X14: 100000 | Y14: 100000 | Z14: 100000 | AA14: 100000 | AB14: 100000 | AC14: 100000 | AD14: 100000 | AE14: 100000 | AF14: =SUM(T14:AE14) -> 1200000 | AS14: =SUM(AG14:AR14) -> 0 | BF14: =SUM(AT14:BE14) -> 0 | BH14: 0 | BI14: =S14-BH14 -> 0
A15: =A14+1 -> 11 | B15: A-11 | C15: Rahmad | D15: Rumah Tinggal | E15: Kantor | F15: 0 | S15: =SUM(G15:R15) -> 0 | AF15: =SUM(T15:AE15) -> 0 | AI15: 100000 | AJ15: 100000 | AS15: =SUM(AG15:AR15) -> 200000 | BF15: =SUM(AT15:BE15) -> 0 | BH15: 0 | BI15: =S15-BH15 -> 0
A16: =A15+1 -> 12 | B16: A-12 | C16: Rahman | D16: Rumah Tinggal | E16: Dihuni sendiri | F16: 0 | S16: =SUM(G16:R16) -> 0 | T16: 100000 | U16: 100000 | V16: 100000 | W16: 100000 | X16: 100000 | Y16: 100000 | Z16: 100000 | AA16: 100000 | AB16: 100000 | AC16: 100000 | AD16: 100000 | AE16: 100000 | AF16: =SUM(T16:AE16) -> 1200000 | AG16: 100000 | AH16: 100000 | AI16: 100000 | AJ16: 100000 | AK16: 100000 | AL16: 100000 | AS16: =SUM(AG16:AR16) -> 600000 | BF16: =SUM(AT16:BE16) -> 0 | BH16: 0 | BI16: =S16-BH16 -> 0
A17: =A16+1 -> 13 | B17: A-13 | C17: Musholla | D17: Mushola | E17: Mushola | F17: 0 | S17: =SUM(G17:R17) -> 0 | AF17: =SUM(T17:AE17) -> 0 | AS17: =SUM(AG17:AR17) -> 0 | BF17: =SUM(AT17:BE17) -> 0 | BH17: 0 | BI17: =S17-BH17 -> 0
A18: =A17+1 -> 14 | B18: A-14 | C18: Agung | D18: Rumah Tinggal | E18: Dihuni sendiri | F18: 0 | S18: =SUM(G18:R18) -> 0 | T18: 100000 | U18: 100000 | V18: 100000 | W18: 100000 | X18: 100000 | Y18: 100000 | Z18: 100000 | AA18: 100000 | AB18: 100000 | AC18: 100000 | AD18: 100000 | AE18: 100000 | AF18: =SUM(T18:AE18) -> 1200000 | AG18: 100000 | AH18: 100000 | AI18: 100000 | AJ18: 100000 | AK18: 100000 | AS18: =SUM(AG18:AR18) -> 500000 | BF18: =SUM(AT18:BE18) -> 0 | BH18: 0 | BI18: =S18-BH18 -> 0
A19: =A18+1 -> 15 | B19: A-15 | C19: Sindu | D19: Rumah Tinggal | E19: Dihuni sendiri | F19: 0 | S19: =SUM(G19:R19) -> 0 | T19: 100000 | U19: 100000 | V19: 100000 | W19: 100000 | X19: 100000 | Y19: 100000 | Z19: 100000 | AA19: 100000 | AB19: 100000 | AC19: 100000 | AD19: 100000 | AE19: 100000 | AF19: =SUM(T19:AE19) -> 1200000 | AG19: 100000 | AH19: 100000 | AI19: 100000 | AJ19: 100000 | AK19: 100000 | AL19: 100000 | AM19: 100000 | AN19: 100000 | AO19: 100000 | AS19: =SUM(AG19:AR19) -> 900000 | BF19: =SUM(AT19:BE19) -> 0 | BH19: 0 | BI19: =S19-BH19 -> 0
A20: =A19+1 -> 16 | B20: A-16 | C20: Andrianto Budiaji | D20: Rumah Tinggal | E20: Dihuni sendiri | F20: 0 | S20: =SUM(G20:R20) -> 0 | T20: 100000 | U20: 100000 | V20: 100000 | W20: 100000 | X20: 100000 | Y20: 100000 | Z20: 100000 | AA20: 100000 | AB20: 100000 | AC20: 100000 | AD20: 100000 | AE20: 100000 | AF20: =SUM(T20:AE20) -> 1200000 | AG20: 100000 | AH20: 100000 | AI20: 100000 | AJ20: 100000 | AK20: 100000 | AS20: =SUM(AG20:AR20) -> 500000 | BF20: =SUM(AT20:BE20) -> 0 | BH20: 0 | BI20: =S20-BH20 -> 0
A21: =A20+1 -> 17 | B21: A-17 | C21: Adib Abror | D21: Rumah Tinggal | E21: Dihuni sendiri | F21: 0 | S21: =SUM(G21:R21) -> 0 | T21: 100000 | U21: 100000 | V21: 100000 | W21: 100000 | X21: 100000 | Y21: 100000 | Z21: 100000 | AA21: 100000 | AB21: 100000 | AC21: 100000 | AD21: 100000 | AE21: 100000 | AF21: =SUM(T21:AE21) -> 1200000 | AG21: 100000 | AH21: 100000 | AI21: 100000 | AJ21: 100000 | AK21: 100000 | AL21: 100000 | AM21: 100000 | AN21: 100000 | AO21: 100000 | AP21: 100000 | AQ21: 100000 | AR21: 100000 | AS21: =SUM(AG21:AR21) -> 1200000 | BF21: =SUM(AT21:BE21) -> 0 | BH21: 0 | BI21: =S21-BH21 -> 0
A22: =A21+1 -> 18 | B22: A-18 | C22: Roti | D22: Rumah Tinggal | E22: kosong | F22: 0 | S22: =SUM(G22:R22) -> 0 | T22: 100000 | U22: 100000 | V22: 100000 | W22: 100000 | X22: 100000 | Y22: 100000 | Z22: 100000 | AA22: 100000 | AF22: =SUM(T22:AE22) -> 800000 | AS22: =SUM(AG22:AR22) -> 0 | BF22: =SUM(AT22:BE22) -> 0 | BH22: 0 | BI22: =S22-BH22 -> 0
A23: =A22+1 -> 19 | B23: A-19 | C23: Chandra | D23: Rumah Tinggal | E23: Dihuni sendiri | F23: 0 | S23: =SUM(G23:R23) -> 0 | T23: 100000 | U23: 100000 | V23: 100000 | W23: 100000 | X23: 100000 | Y23: 100000 | Z23: 100000 | AA23: 100000 | AB23: 100000 | AC23: 100000 | AD23: 100000 | AE23: 100000 | AF23: =SUM(T23:AE23) -> 1200000 | AG23: 100000 | AH23: 100000 | AI23: 100000 | AJ23: 100000 | AK23: 100000 | AS23: =SUM(AG23:AR23) -> 500000 | BF23: =SUM(AT23:BE23) -> 0 | BH23: 0 | BI23: =S23-BH23 -> 0
A24: =A23+1 -> 20 | B24: A-20 | C24: Zulkarnain | D24: Rumah Tinggal | E24: Dihuni anak | F24: 0 | S24: =SUM(G24:R24) -> 0 | T24: 100000 | U24: 100000 | V24: 100000 | W24: 100000 | X24: 100000 | Y24: 100000 | Z24: 100000 | AA24: 100000 | AB24: 100000 | AC24: 100000 | AD24: 100000 | AE24: 100000 | AF24: =SUM(T24:AE24) -> 1200000 | AG24: 100000 | AH24: 100000 | AI24: 100000 | AJ24: 100000 | AS24: =SUM(AG24:AR24) -> 400000 | BF24: =SUM(AT24:BE24) -> 0 | BH24: 0 | BI24: =S24-BH24 -> 0
A25: =A24+1 -> 21 | B25: A-21 | C25: 0 | F25: 0 | S25: =SUM(G25:R25) -> 0 | T25: 100000 | U25: 100000 | V25: 100000 | W25: 100000 | AF25: =SUM(T25:AE25) -> 400000 | AS25: =SUM(AG25:AR25) -> 0 | BF25: =SUM(AT25:BE25) -> 0 | BH25: 0 | BI25: =S25-BH25 -> 0
A26: =A25+1 -> 22 | B26: A-22 | C26: 0 | F26: 0 | S26: =SUM(G26:R26) -> 0 | T26: 100000 | U26: 100000 | V26: 100000 | W26: 100000 | X26: 100000 | AF26: =SUM(T26:AE26) -> 500000 | AG26: 100000 | AH26: 100000 | AI26: 100000 | AJ26: 100000 | AS26: =SUM(AG26:AR26) -> 400000 | BF26: =SUM(AT26:BE26) -> 0 | BH26: 0 | BI26: =S26-BH26 -> 0
A27: =A26+1 -> 23 | B27: A-23 | C27: Indra Septi | D27: Rumah Tinggal | E27: Dihuni sendiri | F27: 0 | S27: =SUM(G27:R27) -> 0 | T27: 100000 | U27: 100000 | V27: 100000 | W27: 100000 | X27: 100000 | Y27: 100000 | Z27: 100000 | AA27: 100000 | AB27: 100000 | AC27: 100000 | AD27: 100000 | AE27: 100000 | AF27: =SUM(T27:AE27) -> 1200000 | AG27: 100000 | AH27: 100000 | AI27: 100000 | AJ27: 100000 | AK27: 100000 | AL27: 100000 | AM27: 100000 | AN27: 100000 | AO27: 100000 | AP27: 100000 | AQ27: 100000 | AR27: 100000 | AS27: =SUM(AG27:AR27) -> 1200000 | BF27: =SUM(AT27:BE27) -> 0 | BH27: 0 | BI27: =S27-BH27 -> 0
A28: =A27+1 -> 24 | B28: A-24 | C28: Ghozaimi | D28: Rumah Tinggal | E28: Dihuni sendiri | F28: 0 | S28: =SUM(G28:R28) -> 0 | T28: 100000 | U28: 100000 | V28: 100000 | W28: 100000 | X28: 100000 | Y28: 100000 | Z28: 100000 | AA28: 100000 | AB28: 100000 | AC28: 100000 | AD28: 100000 | AE28: 100000 | AF28: =SUM(T28:AE28) -> 1200000 | AG28: 100000 | AH28: 100000 | AI28: 100000 | AJ28: 100000 | AS28: =SUM(AG28:AR28) -> 400000 | BF28: =SUM(AT28:BE28) -> 0 | BH28: 0 | BI28: =S28-BH28 -> 0
A29: =A28+1 -> 25 | B29: A-25 | C29: 0 | F29: 0 | S29: =SUM(G29:R29) -> 0 | T29: 100000 | U29: 100000 | V29: 100000 | W29: 100000 | X29: 100000 | Y29: 100000 | AF29: =SUM(T29:AE29) -> 600000 | AS29: =SUM(AG29:AR29) -> 0 | BF29: =SUM(AT29:BE29) -> 0 | BH29: 0 | BI29: =S29-BH29 -> 0
A30: =A29+1 -> 26 | B30: A-26 | C30: 0 | F30: 0 | S30: =SUM(G30:R30) -> 0 | T30: 100000 | U30: 100000 | V30: 100000 | W30: 100000 | X30: 100000 | Y30: 100000 | Z30: 100000 | AA30: 100000 | AB30: 100000 | AC30: 100000 | AD30: 100000 | AE30: 100000 | AF30: =SUM(T30:AE30) -> 1200000 | AG30: 100000 | AH30: 100000 | AI30: 100000 | AJ30: 100000 | AK30: 100000 | AL30: 100000 | AM30: 100000 | AN30: 100000 | AO30: 100000 | AP30: 100000 | AQ30: 100000 | AR30: 100000 | AS30: =SUM(AG30:AR30) -> 1200000 | BF30: =SUM(AT30:BE30) -> 0 | BH30: 0 | BI30: =S30-BH30 -> 0
A31: =A30+1 -> 27 | B31: A-27 | C31: Muh Darsul Khafid | D31: Rumah Tinggal | E31: Dihuni sendiri | F31: 0 | S31: =SUM(G31:R31) -> 0 | T31: 100000 | U31: 100000 | V31: 100000 | W31: 100000 | X31: 100000 | Y31: 100000 | Z31: 100000 | AA31: 100000 | AB31: 100000 | AC31: 100000 | AD31: 100000 | AE31: 100000 | AF31: =SUM(T31:AE31) -> 1200000 | AG31: 100000 | AH31: 100000 | AI31: 100000 | AJ31: 100000 | AK31: 100000 | AS31: =SUM(AG31:AR31) -> 500000 | BF31: =SUM(AT31:BE31) -> 0 | BH31: 0 | BI31: =S31-BH31 -> 0
A32: =A31+1 -> 28 | B32: A-28 | C32: 0 | F32: 0 | S32: =SUM(G32:R32) -> 0 | T32: 100000 | U32: 100000 | V32: 100000 | W32: 100000 | X32: 100000 | Y32: 100000 | Z32: 100000 | AA32: 100000 | AB32: 100000 | AC32: 100000 | AD32: 100000 | AE32: 100000 | AF32: =SUM(T32:AE32) -> 1200000 | AS32: =SUM(AG32:AR32) -> 0 | BF32: =SUM(AT32:BE32) -> 0 | BH32: 0 | BI32: =S32-BH32 -> 0
A33: =A32+1 -> 29 | B33: A-29 | C33: 0 | F33: 0 | S33: =SUM(G33:R33) -> 0 | T33: 100000 | U33: 100000 | V33: 100000 | W33: 100000 | X33: 100000 | Y33: 100000 | Z33: 100000 | AA33: 100000 | AB33: 100000 | AC33: 100000 | AD33: 100000 | AE33: 100000 | AF33: =SUM(T33:AE33) -> 1200000 | AG33: 100000 | AH33: 100000 | AI33: 100000 | AJ33: 100000 | AS33: =SUM(AG33:AR33) -> 400000 | BF33: =SUM(AT33:BE33) -> 0 | BH33: 0 | BI33: =S33-BH33 -> 0
A34: =A33+1 -> 30 | B34: A-30 | C34: 0 | F34: 0 | S34: =SUM(G34:R34) -> 0 | T34: 100000 | U34: 100000 | V34: 100000 | W34: 100000 | X34: 100000 | Y34: 100000 | Z34: 100000 | AA34: 100000 | AB34: 100000 | AC34: 100000 | AD34: 100000 | AE34: 100000 | AF34: =SUM(T34:AE34) -> 1200000 | AG34: 100000 | AH34: 100000 | AI34: 100000 | AJ34: 100000 | AS34: =SUM(AG34:AR34) -> 400000 | BF34: =SUM(AT34:BE34) -> 0 | BH34: 0 | BI34: =S34-BH34 -> 0
A35: =A34+1 -> 31 | B35: A-31 | C35: 0 | F35: 0 | S35: =SUM(G35:R35) -> 0 | AF35: =SUM(T35:AE35) -> 0 | AS35: =SUM(AG35:AR35) -> 0 | BF35: =SUM(AT35:BE35) -> 0 | BH35: 0 | BI35: =S35-BH35 -> 0
A36: =A35+1 -> 32 | B36: A-32 | C36: 0 | F36: 0 | S36: =SUM(G36:R36) -> 0 | T36: 100000 | U36: 100000 | V36: 100000 | W36: 100000 | X36: 100000 | Y36: 100000 | Z36: 100000 | AA36: 100000 | AB36: 100000 | AC36: 100000 | AF36: =SUM(T36:AE36) -> 1000000 | AS36: =SUM(AG36:AR36) -> 0 | BF36: =SUM(AT36:BE36) -> 0 | BH36: 0 | BI36: =S36-BH36 -> 0
A37: =A36+1 -> 33 | B37: A-33 | C37: 0 | F37: 0 | S37: =SUM(G37:R37) -> 0 | AF37: =SUM(T37:AE37) -> 0 | AS37: =SUM(AG37:AR37) -> 0 | BF37: =SUM(AT37:BE37) -> 0 | BH37: 0 | BI37: =S37-BH37 -> 0
A38: =A37+1 -> 34 | B38: A-34 | C38: 0 | F38: 0 | S38: =SUM(G38:R38) -> 0 | T38: 100000 | U38: 100000 | V38: 100000 | W38: 100000 | X38: 100000 | Y38: 100000 | Z38: 100000 | AA38: 100000 | AB38: 100000 | AC38: 100000 | AD38: 100000 | AE38: 100000 | AF38: =SUM(T38:AE38) -> 1200000 | AG38: 100000 | AH38: 100000 | AI38: 100000 | AJ38: 100000 | AK38: 100000 | AL38: 100000 | AS38: =SUM(AG38:AR38) -> 600000 | BF38: =SUM(AT38:BE38) -> 0 | BH38: 0 | BI38: =S38-BH38 -> 0
A39: =A38+1 -> 35 | B39: A-35 | C39: 0 | F39: 0 | S39: =SUM(G39:R39) -> 0 | T39: 100000 | U39: 100000 | V39: 100000 | W39: 100000 | X39: 100000 | Y39: 100000 | Z39: 100000 | AA39: 100000 | AB39: 100000 | AC39: 100000 | AD39: 100000 | AE39: 100000 | AF39: =SUM(T39:AE39) -> 1200000 | AG39: 100000 | AH39: 100000 | AI39: 100000 | AJ39: 100000 | AK39: 100000 | AL39: 100000 | AM39: 100000 | AN39: 100000 | AO39: 100000 | AP39: 100000 | AQ39: 100000 | AR39: 100000 | AS39: =SUM(AG39:AR39) -> 1200000 | BF39: =SUM(AT39:BE39) -> 0 | BH39: 0 | BI39: =S39-BH39 -> 0
A40: =A39+1 -> 36 | B40: A-35-A | C40: 0 | F40: 0 | S40: =SUM(G40:R40) -> 0 | T40: 100000 | U40: 100000 | V40: 100000 | W40: 100000 | X40: 100000 | Y40: 100000 | Z40: 100000 | AA40: 100000 | AB40: 100000 | AC40: 100000 | AD40: 100000 | AE40: 100000 | AF40: =SUM(T40:AE40) -> 1200000 | AG40: 100000 | AH40: 100000 | AI40: 100000 | AJ40: 100000 | AS40: =SUM(AG40:AR40) -> 400000 | BF40: =SUM(AT40:BE40) -> 0
A41: =A40+1 -> 37 | B41: A-36 | C41: 0 | F41: 0 | S41: =SUM(G41:R41) -> 0 | T41: 100000 | U41: 100000 | V41: 100000 | W41: 100000 | X41: 100000 | Y41: 100000 | Z41: 100000 | AA41: 100000 | AB41: 100000 | AC41: 100000 | AD41: 100000 | AE41: 100000 | AF41: =SUM(T41:AE41) -> 1200000 | AG41: 100000 | AH41: 100000 | AI41: 100000 | AJ41: 100000 | AK41: 100000 | AS41: =SUM(AG41:AR41) -> 500000 | BF41: =SUM(AT41:BE41) -> 0 | BH41: 0 | BI41: =S41-BH41 -> 0
A42: =A41+1 -> 38 | B42: A-37 | C42: Sandi Fariz Ahmadi | F42: 0 | S42: =SUM(G42:R42) -> 0 | T42: 100000 | U42: 100000 | V42: 100000 | W42: 100000 | X42: 100000 | Y42: 100000 | Z42: 100000 | AA42: 100000 | AB42: 100000 | AC42: 100000 | AD42: 100000 | AE42: 100000 | AF42: =SUM(T42:AE42) -> 1200000 | AG42: 100000 | AH42: 100000 | AI42: 100000 | AJ42: 100000 | AK42: 100000 | AS42: =SUM(AG42:AR42) -> 500000 | BF42: =SUM(AT42:BE42) -> 0 | BH42: 0 | BI42: =S42-BH42 -> 0
A43: =A42+1 -> 39 | B43: A-38 | C43: 0 | F43: 0 | S43: =SUM(G43:R43) -> 0 | T43: 100000 | U43: 100000 | V43: 100000 | W43: 100000 | X43: 100000 | Y43: 100000 | Z43: 100000 | AA43: 100000 | AB43: 100000 | AC43: 100000 | AD43: 100000 | AE43: 100000 | AF43: =SUM(T43:AE43) -> 1200000 | AG43: 100000 | AH43: 100000 | AS43: =SUM(AG43:AR43) -> 200000 | BF43: =SUM(AT43:BE43) -> 0 | BH43: 0 | BI43: =S43-BH43 -> 0
A44: =A43+1 -> 40 | B44: A-39 | C44: David Padili | D44: Rumah Tinggal | F44: 0 | S44: =SUM(G44:R44) -> 0 | T44: 100000 | U44: 100000 | V44: 100000 | W44: 100000 | X44: 100000 | Y44: 100000 | Z44: 100000 | AA44: 100000 | AB44: 100000 | AC44: 100000 | AD44: 100000 | AE44: 100000 | AF44: =SUM(T44:AE44) -> 1200000 | AG44: 100000 | AH44: 100000 | AS44: =SUM(AG44:AR44) -> 200000 | BF44: =SUM(AT44:BE44) -> 0 | BH44: 0 | BI44: =S44-BH44 -> 0
A45: =A44+1 -> 41 | B45: A-40 | C45: 0 | F45: 0 | S45: =SUM(G45:R45) -> 0 | T45: 100000 | U45: 100000 | V45: 100000 | W45: 100000 | X45: 100000 | Y45: 100000 | Z45: 100000 | AA45: 100000 | AB45: 100000 | AC45: 100000 | AD45: 100000 | AE45: 100000 | AF45: =SUM(T45:AE45) -> 1200000 | AG45: 100000 | AH45: 100000 | AI45: 100000 | AS45: =SUM(AG45:AR45) -> 300000 | BF45: =SUM(AT45:BE45) -> 0 | BH45: 0 | BI45: =S45-BH45 -> 0
A46: =A45+1 -> 42 | B46: B-01 | C46: 0 | F46: 0 | S46: =SUM(G46:R46) -> 0 | T46: 100000 | U46: 100000 | V46: 100000 | W46: 100000 | X46: 100000 | Y46: 100000 | Z46: 100000 | AA46: 100000 | AB46: 100000 | AC46: 100000 | AD46: 100000 | AE46: 100000 | AF46: =SUM(T46:AE46) -> 1200000 | AG46: 100000 | AH46: 100000 | AI46: 100000 | AJ46: 100000 | AK46: 100000 | AS46: =SUM(AG46:AR46) -> 500000 | BF46: =SUM(AT46:BE46) -> 0 | BH46: 0 | BI46: =S46-BH46 -> 0
A47: =A46+1 -> 43 | B47: B-02A | C47: Diana | D47: Kontrak | F47: 0 | G47: 100000 | H47: 100000 | I47: 100000 | J47: 100000 | K47: 100000 | L47: 100000 | M47: 100000 | N47: 100000 | O47: 100000 | P47: 100000 | Q47: 100000 | R47: 100000 | S47: =SUM(G47:R47) -> 1200000 | T47: 100000 | U47: 100000 | V47: 100000 | W47: 100000 | X47: 100000 | Y47: 100000 | Z47: 100000 | AA47: 100000 | AB47: 100000 | AC47: 100000 | AD47: 100000 | AE47: 100000 | AF47: =SUM(T47:AE47) -> 1200000 | AG47: 100000 | AH47: 100000 | AI47: 100000 | AJ47: 100000 | AS47: =SUM(AG47:AR47) -> 400000 | BF47: =SUM(AT47:BE47) -> 0 | BH47: 0 | BI47: =S47-BH47 -> 1200000
A48: =A47+1 -> 44 | B48: B-02B | C48: Rika | D48: Kontrak | F48: 0 | S48: =SUM(G48:R48) -> 0 | T48: 100000 | U48: 100000 | V48: 100000 | W48: 100000 | X48: 100000 | Y48: 100000 | Z48: 100000 | AA48: 100000 | AB48: 100000 | AC48: 100000 | AD48: 100000 | AE48: 100000 | AF48: =SUM(T48:AE48) -> 1200000 | AG48: 100000 | AH48: 100000 | AI48: 100000 | AJ48: 100000 | AS48: =SUM(AG48:AR48) -> 400000 | BF48: =SUM(AT48:BE48) -> 0
A49: =A48+1 -> 45 | B49: B-03 | C49: 0 | F49: 0 | S49: =SUM(G49:R49) -> 0 | T49: 100000 | U49: 100000 | V49: 100000 | W49: 100000 | X49: 100000 | Y49: 100000 | Z49: 100000 | AA49: 100000 | AB49: 100000 | AC49: 100000 | AD49: 100000 | AE49: 100000 | AF49: =SUM(T49:AE49) -> 1200000 | AG49: 100000 | AH49: 100000 | AI49: 100000 | AJ49: 100000 | AK49: 100000 | AS49: =SUM(AG49:AR49) -> 500000 | BF49: =SUM(AT49:BE49) -> 0 | BH49: 0 | BI49: =S49-BH49 -> 0
A50: =A49+1 -> 46 | B50: B-04 | C50: 0 | F50: 0 | S50: =SUM(G50:R50) -> 0 | T50: 100000 | U50: 100000 | V50: 100000 | W50: 100000 | X50: 100000 | Y50: 100000 | Z50: 100000 | AA50: 100000 | AB50: 100000 | AC50: 100000 | AD50: 100000 | AE50: 100000 | AF50: =SUM(T50:AE50) -> 1200000 | AG50: 100000 | AH50: 100000 | AI50: 100000 | AJ50: 100000 | AK50: 100000 | AL50: 100000 | AS50: =SUM(AG50:AR50) -> 600000 | BF50: =SUM(AT50:BE50) -> 0 | BH50: 0 | BI50: =S50-BH50 -> 0
A51: =A50+1 -> 47 | B51: B-05 | C51: 0 | F51: 0 | S51: =SUM(G51:R51) -> 0 | AF51: =SUM(T51:AE51) -> 0 | AS51: =SUM(AG51:AR51) -> 0 | BF51: =SUM(AT51:BE51) -> 0 | BH51: 0 | BI51: =S51-BH51 -> 0
A52: =A51+1 -> 48 | B52: B-06 | C52: 0 | F52: 0 | S52: =SUM(G52:R52) -> 0 | T52: 100000 | U52: 100000 | V52: 100000 | W52: 100000 | X52: 100000 | Y52: 100000 | Z52: 100000 | AA52: 100000 | AB52: 100000 | AC52: 100000 | AD52: 100000 | AE52: 100000 | AF52: =SUM(T52:AE52) -> 1200000 | AG52: 100000 | AH52: 100000 | AI52: 100000 | AJ52: 100000 | AK52: 100000 | AL52: 100000 | AM52: 100000 | AN52: 100000 | AO52: 100000 | AP52: 100000 | AQ52: 100000 | AS52: =SUM(AG52:AR52) -> 1100000 | BF52: =SUM(AT52:BE52) -> 0 | BH52: 0 | BI52: =S52-BH52 -> 0
A53: =A52+1 -> 49 | B53: B-07 | C53: 0 | F53: 0 | S53: =SUM(G53:R53) -> 0 | T53: 100000 | U53: 100000 | V53: 100000 | W53: 100000 | X53: 100000 | Y53: 100000 | Z53: 100000 | AA53: 100000 | AB53: 100000 | AC53: 100000 | AD53: 100000 | AE53: 100000 | AF53: =SUM(T53:AE53) -> 1200000 | AG53: 100000 | AH53: 100000 | AI53: 100000 | AJ53: 100000 | AS53: =SUM(AG53:AR53) -> 400000 | BF53: =SUM(AT53:BE53) -> 0 | BH53: 0 | BI53: =S53-BH53 -> 0
A54: =A53+1 -> 50 | B54: B-08 | C54: 0 | F54: 0 | S54: =SUM(G54:R54) -> 0 | AF54: =SUM(T54:AE54) -> 0 | AS54: =SUM(AG54:AR54) -> 0 | BF54: =SUM(AT54:BE54) -> 0 | BH54: 0 | BI54: =S54-BH54 -> 0
A55: =A54+1 -> 51 | B55: B-09 | C55: 0 | F55: 0 | S55: =SUM(G55:R55) -> 0 | AF55: =SUM(T55:AE55) -> 0 | AS55: =SUM(AG55:AR55) -> 0 | BF55: =SUM(AT55:BE55) -> 0 | BH55: 0 | BI55: =S55-BH55 -> 0
A56: =A55+1 -> 52 | B56: B-10 | C56: Rusli ( Sweetenia Kos) | D56: Kos-Kosan | F56: 0 | S56: =SUM(G56:R56) -> 0 | T56: 100000 | U56: 100000 | V56: 100000 | W56: 100000 | X56: 100000 | Y56: 100000 | Z56: 100000 | AA56: 100000 | AB56: 100000 | AC56: 100000 | AD56: 100000 | AE56: 100000 | AF56: =SUM(T56:AE56) -> 1200000 | AG56: 100000 | AH56: 100000 | AI56: 100000 | AJ56: 100000 | AK56: 100000 | AL56: 100000 | AS56: =SUM(AG56:AR56) -> 600000 | BF56: =SUM(AT56:BE56) -> 0 | BH56: 0 | BI56: =S56-BH56 -> 0
A57: =A56+1 -> 53 | B57: B-11 | C57: 0 | F57: 0 | G57: 100000 | H57: 100000 | I57: 100000 | J57: 100000 | K57: 100000 | L57: 100000 | M57: 100000 | N57: 100000 | O57: 100000 | P57: 100000 | Q57: 100000 | R57: 100000 | S57: =SUM(G57:R57) -> 1200000 | T57: 100000 | U57: 100000 | V57: 100000 | W57: 100000 | X57: 100000 | AA57: 100000 | AB57: 100000 | AC57: 100000 | AD57: 100000 | AE57: 100000 | AF57: =SUM(T57:AE57) -> 1000000 | AG57: 100000 | AH57: 100000 | AI57: 100000 | AJ57: 100000 | AK57: 100000 | AL57: 100000 | AS57: =SUM(AG57:AR57) -> 600000 | BF57: =SUM(AT57:BE57) -> 0 | BH57: 0 | BI57: =S57-BH57 -> 1200000
A58: =A57+1 -> 54 | B58: B-11A | C58: Cahya | D58: Rumah Tinggal | F58: 0 | G58: 100000 | H58: 100000 | I58: 100000 | J58: 100000 | K58: 100000 | L58: 100000 | S58: =SUM(G58:R58) -> 600000 | T58: 100000 | U58: 100000 | V58: 100000 | W58: 100000 | X58: 100000 | AF58: =SUM(T58:AE58) -> 500000 | AG58: 100000 | AH58: 100000 | AS58: =SUM(AG58:AR58) -> 200000 | BF58: =SUM(AT58:BE58) -> 0
A59: =A58+1 -> 55 | B59: B-11B | C59: Afrijal Rizki Ramadhan | T59: 100000 | U59: 100000 | V59: 100000 | W59: 100000 | X59: 100000 | Y59: 100000 | Z59: 100000 | AA59: 100000 | AB59: 100000 | AC59: 100000 | AD59: 100000 | AE59: 100000 | AG59: 100000 | AH59: 100000 | AI59: 100000 | AJ59: 100000 | AK59: 100000 | AS59: =SUM(AG59:AR59) -> 500000
A60: =A59+1 -> 56 | B60: B-12 | C60: 0 | F60: 0 | S60: =SUM(G60:R60) -> 0 | AF60: =SUM(T60:AE60) -> 0 | AS60: =SUM(AG60:AR60) -> 0 | BF60: =SUM(AT60:BE60) -> 0 | BH60: 0 | BI60: =S60-BH60 -> 0
A61: =A60+1 -> 57 | B61: B-13 | C61: 0 | F61: 0 | S61: =SUM(G61:R61) -> 0 | AF61: =SUM(T61:AE61) -> 0 | AS61: =SUM(AG61:AR61) -> 0 | BF61: =SUM(AT61:BE61) -> 0 | BH61: 0 | BI61: =S61-BH61 -> 0
A62: =A61+1 -> 58 | B62: B-14 | C62: 0 | F62: 0 | S62: =SUM(G62:R62) -> 0 | AF62: =SUM(T62:AE62) -> 0 | AS62: =SUM(AG62:AR62) -> 0 | BF62: =SUM(AT62:BE62) -> 0 | BH62: 0 | BI62: =S62-BH62 -> 0
A63: =A62+1 -> 59 | B63: B-15 | C63: Yudi Hari Utomo | F63: 0 | S63: =SUM(G63:R63) -> 0 | T63: 100000 | U63: 100000 | V63: 100000 | W63: 100000 | X63: 100000 | Y63: 100000 | Z63: 100000 | AA63: 100000 | AB63: 100000 | AC63: 100000 | AD63: 100000 | AE63: 100000 | AF63: =SUM(T63:AE63) -> 1200000 | AG63: 100000 | AH63: 100000 | AI63: 100000 | AJ63: 100000 | AK63: 100000 | AS63: =SUM(AG63:AR63) -> 500000 | BF63: =SUM(AT63:BE63) -> 0
A64: =A63+1 -> 60 | B64: B-16 | F64: 0 | S64: =SUM(G64:R64) -> 0 | AF64: =SUM(T64:AE64) -> 0 | AS64: =SUM(AG64:AR64) -> 0 | BF64: =SUM(AT64:BE64) -> 0
A65: =A64+1 -> 61 | B65: B-17 | F65: 0 | G65: 100000 | H65: 100000 | I65: 100000 | J65: 100000 | K65: 100000 | L65: 100000 | M65: 100000 | N65: 100000 | O65: 100000 | P65: 100000 | Q65: 100000 | R65: 100000 | S65: =SUM(G65:R65) -> 1200000 | AF65: =SUM(T65:AE65) -> 0 | AS65: =SUM(AG65:AR65) -> 0 | BF65: =SUM(AT65:BE65) -> 0
A66: =A65+1 -> 62 | B66: B-18 | C66: Iwan Budi | D66: Rumah Tinggal | F66: 0 | S66: =SUM(G66:R66) -> 0 | AF66: =SUM(T66:AE66) -> 0 | AJ66: 100000 | AK66: 100000 | AS66: =SUM(AG66:AR66) -> 200000 | BF66: =SUM(AT66:BE66) -> 0
A67: =A66+1 -> 63 | B67: B-19 | F67: 0 | S67: =SUM(G67:R67) -> 0 | AB67: 100000 | AF67: =SUM(T67:AE67) -> 100000 | AS67: =SUM(AG67:AR67) -> 0 | BF67: =SUM(AT67:BE67) -> 0
A68: =A67+1 -> 64 | B68: B-20&22 | F68: 0 | S68: =SUM(G68:R68) -> 0 | T68: 135000 | U68: 135000 | V68: 135000 | W68: 135000 | X68: 135000 | Y68: 135000 | Z68: 130000 | AA68: 160000 | AB68: 175000 | AC68: 175000 | AD68: 175000 | AE68: 175000 | AF68: =SUM(T68:AE68) -> 1800000 | AG68: 100000 | AH68: 165000 | AI68: 165000 | AJ68: 160000 | AS68: =SUM(AG68:AR68) -> 590000 | BF68: =SUM(AT68:BE68) -> 0
A69: =A68+1 -> 65 | B69: B-21 | F69: 0 | G69: 100000 | H69: 100000 | I69: 100000 | K69: 100000 | L69: 100000 | M69: 100000 | N69: 100000 | O69: 100000 | P69: 100000 | Q69: 100000 | R69: 100000 | S69: =SUM(G69:R69) -> 1100000 | T69: 100000 | U69: 100000 | V69: 100000 | W69: 100000 | Y69: 100000 | Z69: 100000 | AA69: 100000 | AB69: 100000 | AC69: 100000 | AD69: 100000 | AE69: 100000 | AF69: =SUM(T69:AE69) -> 1100000 | AG69: 100000 | AH69: 100000 | AI69: 100000 | AJ69: 100000 | AS69: =SUM(AG69:AR69) -> 400000 | BF69: =SUM(AT69:BE69) -> 0
A70: =A69+1 -> 66 | B70: B-23 | F70: 0 | S70: =SUM(G70:R70) -> 0 | T70: 100000 | U70: 100000 | V70: 100000 | W70: 100000 | X70: 100000 | Y70: 100000 | Z70: 100000 | AA70: 100000 | AB70: 100000 | AF70: =SUM(T70:AE70) -> 900000 | AG70: 100000 | AH70: 100000 | AI70: 100000 | AJ70: 100000 | AS70: =SUM(AG70:AR70) -> 400000 | BF70: =SUM(AT70:BE70) -> 0
A71: =A70+1 -> 67 | B71: B-24 | F71: 0 | S71: =SUM(G71:R71) -> 0 | AF71: =SUM(T71:AE71) -> 0 | AS71: =SUM(AG71:AR71) -> 0 | BF71: =SUM(AT71:BE71) -> 0
A72: =A71+1 -> 68 | B72: B-25 | F72: 0 | S72: =SUM(G72:R72) -> 0 | AF72: =SUM(T72:AE72) -> 0 | AS72: =SUM(AG72:AR72) -> 0 | BF72: =SUM(AT72:BE72) -> 0
A73: =A72+1 -> 69 | B73: B-26 | F73: 0 | S73: =SUM(G73:R73) -> 0 | AF73: =SUM(T73:AE73) -> 0 | AS73: =SUM(AG73:AR73) -> 0 | BF73: =SUM(AT73:BE73) -> 0
A74: =A73+1 -> 70 | B74: B-27 | F74: 0 | S74: =SUM(G74:R74) -> 0 | AF74: =SUM(T74:AE74) -> 0 | AS74: =SUM(AG74:AR74) -> 0 | BF74: =SUM(AT74:BE74) -> 0
A75: =A74+1 -> 71 | B75: B-28 | F75: 0 | S75: =SUM(G75:R75) -> 0 | AF75: =SUM(T75:AE75) -> 0 | AS75: =SUM(AG75:AR75) -> 0 | BF75: =SUM(AT75:BE75) -> 0
A76: =A75+1 -> 72 | B76: B-29 | F76: 0 | S76: =SUM(G76:R76) -> 0 | AF76: =SUM(T76:AE76) -> 0 | AS76: =SUM(AG76:AR76) -> 0 | BF76: =SUM(AT76:BE76) -> 0
A77: =A76+1 -> 73 | B77: B-30 | F77: 0 | S77: =SUM(G77:R77) -> 0 | AF77: =SUM(T77:AE77) -> 0 | AS77: =SUM(AG77:AR77) -> 0 | BF77: =SUM(AT77:BE77) -> 0
A78: =A77+1 -> 74 | B78: B-31 | F78: 0 | S78: =SUM(G78:R78) -> 0 | AF78: =SUM(T78:AE78) -> 0 | AG78: 100000 | AH78: 100000 | AI78: 100000 | AJ78: 100000 | AK78: 100000 | AS78: =SUM(AG78:AR78) -> 500000 | BF78: =SUM(AT78:BE78) -> 0
A79: =A78+1 -> 75 | B79: B-32 | F79: 0 | S79: =SUM(G79:R79) -> 0 | AF79: =SUM(T79:AE79) -> 0 | AS79: =SUM(AG79:AR79) -> 0 | BF79: =SUM(AT79:BE79) -> 0
A80: =A79+1 -> 76 | B80: B-33 | C80: El Fatoni | F80: 0 | S80: =SUM(G80:R80) -> 0 | AF80: =SUM(T80:AE80) -> 0 | AG80: 100000 | AH80: 100000 | AI80: 100000 | AJ80: 100000 | AK80: 100000 | AS80: =SUM(AG80:AR80) -> 500000 | BF80: =SUM(AT80:BE80) -> 0
A81: =A80+1 -> 77 | B81: B-34 | F81: 0 | S81: =SUM(G81:R81) -> 0 | AF81: =SUM(T81:AE81) -> 0 | AS81: =SUM(AG81:AR81) -> 0 | BF81: =SUM(AT81:BE81) -> 0
A82: =A81+1 -> 78 | B82: B-35 | F82: 0 | S82: =SUM(G82:R82) -> 0 | W82: 100000 | X82: 100000 | Y82: 100000 | Z82: 100000 | AA82: 100000 | AB82: 100000 | AC82: 100000 | AD82: 100000 | AE82: 100000 | AF82: =SUM(T82:AE82) -> 900000 | AS82: =SUM(AG82:AR82) -> 0 | BF82: =SUM(AT82:BE82) -> 0
A83: =A82+1 -> 79 | B83: C-01 | F83: 0 | S83: =SUM(G83:R83) -> 0 | T83: 100000 | U83: 100000 | V83: 100000 | W83: 100000 | X83: 100000 | Y83: 100000 | Z83: 100000 | AA83: 100000 | AB83: 100000 | AC83: 100000 | AD83: 100000 | AE83: 100000 | AF83: =SUM(T83:AE83) -> 1200000 | AG83: 100000 | AH83: 100000 | AI83: 100000 | AJ83: 100000 | AK83: 100000 | AL83: 100000 | AM83: 100000 | AS83: =SUM(AG83:AR83) -> 700000 | BF83: =SUM(AT83:BE83) -> 0 | BH83: 0 | BI83: =S83-BH83 -> 0
A84: =A83+1 -> 80 | B84: C-02 | C84: Moh. Wildan Habibi | F84: 0 | S84: =SUM(G84:R84) -> 0 | T84: 100000 | U84: 100000 | V84: 100000 | W84: 100000 | X84: 100000 | Y84: 100000 | Z84: 100000 | AA84: 100000 | AB84: 100000 | AC84: 100000 | AD84: 100000 | AE84: 100000 | AF84: =SUM(T84:AE84) -> 1200000 | AS84: =SUM(AG84:AR84) -> 0 | BF84: =SUM(AT84:BE84) -> 0 | BH84: 0 | BI84: =S84-BH84 -> 0
A85: =A84+1 -> 81 | B85: C-03 | C85: 0 | F85: 0 | G85: 100000 | H85: 100000 | I85: 100000 | J85: 100000 | K85: 100000 | L85: 100000 | M85: 100000 | N85: 100000 | S85: =SUM(G85:R85) -> 800000 | AF85: =SUM(T85:AE85) -> 0 | AS85: =SUM(AG85:AR85) -> 0 | BF85: =SUM(AT85:BE85) -> 0 | BH85: 0 | BI85: =S85-BH85 -> 800000
A86: =A85+1 -> 82 | B86: C-04 | C86: 0 | F86: 0 | S86: =SUM(G86:R86) -> 0 | T86: 100000 | AF86: =SUM(T86:AE86) -> 100000 | AG86: 100000 | AH86: 100000 | AI86: 100000 | AJ86: 100000 | AK86: 100000 | AS86: =SUM(AG86:AR86) -> 500000 | BF86: =SUM(AT86:BE86) -> 0
A87: =A86+1 -> 83 | B87: C-05 | C87: 0 | F87: 0 | S87: =SUM(G87:R87) -> 0 | AF87: =SUM(T87:AE87) -> 0 | AS87: =SUM(AG87:AR87) -> 0 | BF87: =SUM(AT87:BE87) -> 0
A88: =A87+1 -> 84 | B88: C-06 | C88: Candra Sayekti/Putri Elok | F88: 0 | S88: =SUM(G88:R88) -> 0 | T88: 100000 | U88: 100000 | V88: 100000 | W88: 100000 | X88: 100000 | Y88: 100000 | Z88: 100000 | AA88: 100000 | AB88: 100000 | AC88: 100000 | AD88: 100000 | AE88: 100000 | AF88: =SUM(T88:AE88) -> 1200000 | AH88: 100000 | AI88: 100000 | AJ88: 100000 | AK88: 100000 | AS88: =SUM(AG88:AR88) -> 400000 | BF88: =SUM(AT88:BE88) -> 0
A89: =A88+1 -> 85 | B89: C-07 | C89: 0 | F89: 0 | G89: 100000 | H89: 100000 | I89: 100000 | J89: 100000 | K89: 100000 | L89: 100000 | S89: =SUM(G89:R89) -> 600000 | T89: 100000 | U89: 100000 | V89: 100000 | W89: 100000 | X89: 100000 | Y89: 100000 | Z89: 100000 | AA89: 100000 | AB89: 100000 | AC89: 100000 | AD89: 100000 | AE89: 100000 | AF89: =SUM(T89:AE89) -> 1200000 | AG89: 100000 | AH89: 100000 | AS89: =SUM(AG89:AR89) -> 200000 | BF89: =SUM(AT89:BE89) -> 0
A90: =A89+1 -> 86 | B90: C-08 | C90: Mahameru Eki | F90: 0 | S90: =SUM(G90:R90) -> 0 | T90: 100000 | U90: 100000 | V90: 100000 | X90: 100000 | Y90: 100000 | Z90: 100000 | AA90: 100000 | AB90: 100000 | AC90: 100000 | AD90: 100000 | AE90: 100000 | AF90: =SUM(T90:AE90) -> 1100000 | AG90: 100000 | AS90: =SUM(AG90:AR90) -> 100000 | BF90: =SUM(AT90:BE90) -> 0
A91: =A90+1 -> 87 | B91: C-09 | C91: Amir | D91: Rumah Tinggal | E91: Dikontrakkan | F91: 0 | G91: 100000 | H91: 100000 | I91: 100000 | J91: 100000 | K91: 100000 | L91: 100000 | S91: =SUM(G91:R91) -> 600000 | T91: 100000 | U91: 100000 | V91: 100000 | W91: 100000 | X91: 100000 | Y91: 100000 | Z91: 100000 | AA91: 100000 | AB91: 100000 | AC91: 100000 | AD91: 100000 | AE91: 100000 | AF91: =SUM(T91:AE91) -> 1200000 | AS91: =SUM(AG91:AR91) -> 0 | BF91: =SUM(AT91:BE91) -> 0
A92: =A91+1 -> 88 | B92: C-10 | C92: Sumaryanto | D92: Kos-Kosan | F92: 0 | S92: =SUM(G92:R92) -> 0 | T92: 100000 | U92: 100000 | V92: 100000 | W92: 100000 | X92: 100000 | Y92: 100000 | Z92: 100000 | AA92: 100000 | AB92: 100000 | AC92: 100000 | AD92: 100000 | AE92: 100000 | AF92: =SUM(T92:AE92) -> 1200000 | AG92: 110000 | AH92: 110000 | AI92: 110000 | AJ92: 110000 | AK92: 110000 | AL92: 110000 | AM92: 110000 | AN92: 110000 | AO92: 110000 | AP92: 110000 | AQ92: 110000 | AR92: 110000 | AS92: =SUM(AG92:AR92) -> 1320000 | BF92: =SUM(AT92:BE92) -> 0
A93: =A92+1 -> 89 | B93: C-11 | C93: Abdul Hakim | D93: Rumah Tinggal | E93: Dihuni sendiri | F93: 0 | G93: 100000 | H93: 100000 | I93: 100000 | K93: 100000 | S93: =SUM(G93:R93) -> 400000 | Y93: 100000 | Z93: 100000 | AA93: 100000 | AB93: 100000 | AC93: 100000 | AD93: 100000 | AE93: 100000 | AF93: =SUM(T93:AE93) -> 700000 | AG93: 100000 | AH93: 100000 | AI93: 100000 | AJ93: 100000 | AK93: 100000 | AS93: =SUM(AG93:AR93) -> 500000 | BF93: =SUM(AT93:BE93) -> 0
A94: =A93+1 -> 90 | B94: D-01 | C94: 0 | F94: 0 | S94: =SUM(G94:R94) -> 0 | T94: 100000 | U94: 100000 | V94: 100000 | W94: 100000 | X94: 100000 | Y94: 100000 | Z94: 100000 | AA94: 100000 | AB94: 100000 | AC94: 100000 | AD94: 100000 | AE94: 100000 | AF94: =SUM(T94:AE94) -> 1200000 | AG94: 100000 | AH94: 100000 | AI94: 100000 | AJ94: 100000 | AK94: 100000 | AL94: 100000 | AM94: 100000 | AN94: 100000 | AO94: 100000 | AP94: 100000 | AQ94: 100000 | AR94: 100000 | AS94: =SUM(AG94:AR94) -> 1200000 | BF94: =SUM(AT94:BE94) -> 0
A95: =A94+1 -> 91 | B95: D-02 | C95: 0 | F95: 0 | S95: =SUM(G95:R95) -> 0 | T95: 100000 | U95: 100000 | V95: 100000 | W95: 100000 | X95: 100000 | Y95: 100000 | Z95: 100000 | AA95: 100000 | AB95: 100000 | AC95: 100000 | AD95: 100000 | AE95: 100000 | AF95: =SUM(T95:AE95) -> 1200000 | AG95: 190000 | AH95: 190000 | AI95: 190000 | AJ95: 190000 | AK95: 190000 | AS95: =SUM(AG95:AR95) -> 950000 | BF95: =SUM(AT95:BE95) -> 0
C96: 0 | F96: 0 | S96: =SUM(G96:R96) -> 0 | AF96: =SUM(T96:AE96) -> 0 | AS96: =SUM(AG96:AR96) -> 0 | BF96: =SUM(AT96:BE96) -> 0
A97: Jumlah | F97: =SUM(F5:F96) -> 0 | G97: =SUM(G5:G96) -> 1000000 | H97: =SUM(H5:H96) -> 1000000 | I97: =SUM(I5:I96) -> 1000000 | J97: =SUM(J5:J96) -> 800000 | K97: =SUM(K5:K96) -> 1000000 | L97: =SUM(L5:L96) -> 800000 | M97: =SUM(M5:M96) -> 500000 | ... U97: =SUM(U5:U96) -> 5835000 | V97: =SUM(V19:V96) -> 4935000 | W97: =SUM(W5:W96) -> 5835000 | X97: =SUM(X5:X96) -> 5835000 | Y97: =SUM(Y5:Y96) -> 5735000 | Z97: =SUM(Z5:Z96) -> 5630000 | AA97: =SUM(AA5:AA96) -> 5760000 | AB97: =SUM(AB5:AB96) -> 5775000 | AC97: =SUM(AC5:AC96) -> 5575000 | AD97: =SUM(AD5:AD96) -> 5475000 | ... BG97: =SUM(BG5:BG96) -> 0 | BH97: =SUM(BH5:BH85) -> 0 | BI97: =SUM(BI5:BI85) -> 3700000
AS98: ='PVT IURAN'!Z63 -> 34310000
AS99: =AS97-AS98 -> -1800000 | AT99: Setoran 2025 di tahun 2026

Sheet PVT IURAN
A3: Sum of Dr | B3: Column Labels
A4: Row Labels | B4: 1 | C4: 2 | D4: 3 | E4: 4 | F4: 5 | G4: 6 | H4: 7 | I4: 8 | J4: 9 | K4: 10 | L4: 11 | M4: 12 | N4: 0125 | O4: 0225 | P4: 0325 | Q4: 0425 | R4: 0525 | S4: 0625 | T4: 0725 | U4: 0825 | V4: 0925 | W4: 1025 | X4: 1125 | Y4: 1225 | Z4: Grand Total
A5: A-02 | B5: 100000 | C5: 100000 | D5: 100000 | E5: 100000 | F5: 100000 | Z5: 500000
A6: A-03 | B6: 100000 | C6: 100000 | D6: 100000 | Z6: 300000
A7: A-04 | B7: 100000 | C7: 100000 | D7: 100000 | E7: 100000 | F7: 100000 | Z7: 500000
A8: A-05 | B8: 100000 | C8: 100000 | D8: 100000 | E8: 100000 | Z8: 400000
A9: A-06 | B9: 100000 | C9: 100000 | D9: 100000 | E9: 100000 | F9: 100000 | G9: 100000 | H9: 100000 | I9: 100000 | J9: 100000 | K9: 100000 | L9: 100000 | M9: 100000 | Z9: 1200000
A10: A-07 | B10: 100000 | C10: 100000 | D10: 100000 | E10: 150000 | F10: 100000 | G10: 100000 | H10: 100000 | I10: 100000 | J10: 100000 | K10: 100000 | L10: 100000 | M10: 100000 | Z10: 1250000
A11: A-09 | B11: 100000 | C11: 100000 | D11: 100000 | E11: 100000 | Z11: 400000
A12: A-11 | D12: 100000 | E12: 100000 | Z12: 200000
A13: A-12 | B13: 100000 | C13: 100000 | D13: 100000 | E13: 100000 | F13: 100000 | G13: 100000 | Z13: 600000
A14: A-14 | B14: 100000 | C14: 100000 | D14: 100000 | E14: 100000 | F14: 100000 | Z14: 500000
A15: A-15 | B15: 100000 | C15: 100000 | D15: 100000 | E15: 100000 | F15: 100000 | G15: 100000 | H15: 100000 | I15: 100000 | J15: 100000 | Z15: 900000
A16: A-16 | B16: 100000 | C16: 100000 | D16: 100000 | E16: 100000 | F16: 100000 | Z16: 500000
A17: A-17 | B17: 100000 | C17: 100000 | D17: 100000 | E17: 100000 | F17: 100000 | G17: 100000 | H17: 100000 | I17: 100000 | J17: 100000 | K17: 100000 | L17: 100000 | M17: 100000 | Z17: 1200000
A18: A-19 | B18: 100000 | C18: 100000 | D18: 100000 | E18: 100000 | F18: 100000 | Z18: 500000
A19: A-20 | B19: 100000 | C19: 100000 | D19: 100000 | E19: 100000 | Z19: 400000
A20: A-22 | B20: 100000 | C20: 100000 | D20: 100000 | E20: 100000 | Z20: 400000
A21: A-23 | B21: 100000 | C21: 100000 | D21: 100000 | E21: 100000 | F21: 100000 | G21: 100000 | H21: 100000 | I21: 100000 | J21: 100000 | K21: 100000 | L21: 100000 | M21: 100000 | Z21: 1200000
A22: A-24 | B22: 100000 | C22: 100000 | D22: 100000 | E22: 100000 | Z22: 400000
A23: A-26 | B23: 100000 | C23: 100000 | D23: 100000 | E23: 100000 | F23: 100000 | G23: 100000 | H23: 100000 | I23: 100000 | J23: 100000 | K23: 100000 | L23: 100000 | M23: 100000 | Z23: 1200000
A24: A-27 | B24: 100000 | C24: 100000 | D24: 100000 | E24: 100000 | F24: 100000 | Z24: 500000
A25: A-29 | B25: 100000 | C25: 100000 | D25: 100000 | E25: 100000 | Z25: 400000
A26: A-30 | B26: 100000 | C26: 100000 | D26: 100000 | E26: 100000 | Z26: 400000
A27: A-34 | B27: 100000 | C27: 100000 | D27: 100000 | E27: 100000 | F27: 100000 | G27: 100000 | Z27: 600000
A28: A-35 | B28: 100000 | C28: 100000 | D28: 100000 | E28: 100000 | F28: 100000 | G28: 100000 | H28: 100000 | I28: 100000 | J28: 100000 | K28: 100000 | L28: 100000 | M28: 100000 | Z28: 1200000
A29: A-35A | B29: 100000 | C29: 100000 | D29: 100000 | E29: 100000 | Z29: 400000
A30: A-36 | B30: 100000 | C30: 100000 | D30: 100000 | E30: 100000 | F30: 100000 | Z30: 500000
A31: A-37 | B31: 100000 | C31: 100000 | D31: 100000 | E31: 100000 | F31: 100000 | X31: 100000 | Y31: 100000 | Z31: 700000
A32: A-38 | B32: 100000 | C32: 100000 | Z32: 200000
A33: A-39 | B33: 100000 | C33: 100000 | Z33: 200000
A34: A-40 | B34: 100000 | C34: 100000 | D34: 100000 | Z34: 300000
A35: B-01 | B35: 100000 | C35: 100000 | D35: 100000 | E35: 100000 | F35: 100000 | Z35: 500000
A36: B-02A | B36: 100000 | C36: 100000 | D36: 100000 | E36: 100000 | Z36: 400000
A37: B-02B | B37: 100000 | C37: 100000 | D37: 100000 | E37: 100000 | Z37: 400000
A38: B-03 | B38: 100000 | C38: 100000 | D38: 100000 | E38: 100000 | F38: 100000 | Z38: 500000
A39: B-04 | B39: 100000 | C39: 100000 | D39: 100000 | E39: 100000 | F39: 100000 | G39: 100000 | Z39: 600000
A40: B-06 | B40: 100000 | C40: 100000 | D40: 100000 | E40: 100000 | F40: 100000 | G40: 100000 | H40: 100000 | I40: 100000 | J40: 100000 | K40: 100000 | L40: 100000 | Z40: 1100000
A41: B-07 | B41: 100000 | C41: 100000 | D41: 100000 | E41: 100000 | Z41: 400000
A42: B-10 | B42: 100000 | C42: 100000 | D42: 100000 | E42: 100000 | F42: 100000 | G42: 100000 | Z42: 600000
A43: B-11 | B43: 100000 | C43: 100000 | D43: 100000 | E43: 100000 | F43: 100000 | G43: 100000 | Z43: 600000
A44: B-11A | B44: 100000 | C44: 100000 | Z44: 200000
A45: B-11B | B45: 100000 | C45: 100000 | D45: 100000 | E45: 100000 | F45: 100000 | Z45: 500000
A46: B-15 | B46: 100000 | C46: 100000 | D46: 100000 | E46: 100000 | F46: 100000 | Z46: 500000
A47: B-18 | E47: 100000 | F47: 100000 | Z47: 200000
A48: B-20&22 | B48: 100000 | C48: 165000 | D48: 165000 | E48: 160000 | Z48: 590000
A49: B-21 | B49: 100000 | C49: 100000 | D49: 100000 | E49: 100000 | Z49: 400000
A50: B-23 | B50: 100000 | C50: 100000 | D50: 100000 | E50: 100000 | Z50: 400000
A51: B-31 | B51: 100000 | C51: 100000 | D51: 100000 | E51: 100000 | F51: 100000 | Z51: 500000
A52: B-33 | B52: 100000 | C52: 200000 | E52: 100000 | F52: 100000 | Z52: 500000
A53: C-01 | B53: 100000 | C53: 100000 | D53: 100000 | E53: 100000 | F53: 100000 | G53: 100000 | H53: 100000 | Z53: 700000
A54: C-04 | B54: 100000 | C54: 100000 | D54: 100000 | E54: 100000 | F54: 100000 | Z54: 500000
A55: C-06 | C55: 100000 | D55: 100000 | E55: 100000 | F55: 100000 | Z55: 400000
A56: C-07 | B56: 100000 | C56: 100000 | Z56: 200000
A57: C-08 | B57: 100000 | V57: 100000 | W57: 100000 | X57: 100000 | Y57: 100000 | Z57: 500000
A58: C-09 | N58: 100000 | O58: 100000 | P58: 100000 | Q58: 100000 | R58: 100000 | S58: 100000 | T58: 100000 | U58: 100000 | V58: 100000 | W58: 100000 | X58: 100000 | Y58: 100000 | Z58: 1200000
A59: C-10 | B59: 110000 | C59: 110000 | D59: 110000 | E59: 110000 | F59: 110000 | G59: 110000 | H59: 110000 | I59: 110000 | J59: 110000 | K59: 110000 | L59: 110000 | M59: 110000 | Z59: 1320000
A60: C-11 | B60: 100000 | C60: 100000 | D60: 100000 | E60: 100000 | F60: 100000 | Z60: 500000
A61: D-01 | B61: 100000 | C61: 100000 | D61: 100000 | E61: 100000 | F61: 100000 | G61: 100000 | H61: 100000 | I61: 100000 | J61: 100000 | K61: 100000 | L61: 100000 | M61: 100000 | Z61: 1200000
A62: D-02 | B62: 190000 | C62: 190000 | D62: 190000 | E62: 190000 | F62: 190000 | Z62: 950000
A63: Grand Total | B63: 5500000 | C63: 5665000 | D63: 5165000 | E63: 5210000 | F63: 3600000 | G63: 1610000 | H63: 1110000 | I63: 1010000 | J63: 1010000 | K63: 910000 | L63: 910000 | M63: 810000 | N63: 100000 | O63: 100000 | P63: 100000 | Q63: 100000 | R63: 100000 | S63: 100000 | T63: 100000 | U63: 100000 | V63: 200000 | W63: 200000 | X63: 300000 | Y63: 300000 | Z63: 34310000

Sheet Serah Terima
A1: SERAH TERIMA DARI PAK LUKMAN DAN TRANSAKSI PER TGL 01/05/26 JAM 10:00 WIB
A2: No | B2: Tgl | C2: Uraian | D2: Blok | E2: Masa | G2: Dr | H2: Cr | I2: Saldo
F3: Cash | I3: 14000000
A4: 1 | B4: 38807 | C4: Gaji Mas Haidir | E4: 3 | F4: Cash | H4: 944000 | I4: =I3+G4-H4 -> 13056000
A5: 2 | B5: 38807 | C5: Gaji Mas Saiful | E5: 3 | F5: Cash | H5: 1732000 | I5: =I4+G5-H5 -> 11324000
A6: 3 | B6: 38807 | C6: Gaji Rofik | E6: 3 | F6: Cash | H6: =1350000-750000 -> 600000 | I6: =I5+G6-H6 -> 10724000
A7: 4 | B7: 38807 | C7: Gaji marbot | E7: 3 | F7: Cash | H7: 750000 | I7: =I6+G7-H7 -> 9974000
A8: 5 | B8: 38807 | C8: Gaji Pak Santok | E8: 3 | F8: Cash | H8: 900000 | I8: =I7+G8-H8 -> 9074000
A9: 6 | B9: 46113 | C9: Wifi Pos | E9: 4 | F9: Cash | H9: 230000 | I9: =I8+G9-H9 -> 8844000
A10: 7 | B10: 46113 | C10: Iuran RT | E10: 4 | F10: Cash | H10: =375000*4 -> 1500000 | I10: =I9+G10-H10 -> 7344000
A11: 8 | B11: 46113 | C11: Halal Bi Halal | E11: 4 | F11: Cash | H11: 2000000 | I11: =I10+G11-H11 -> 5344000
A12: 9 | B12: 46113 | C12: Kas Bon Saiful | E12: 4 | F12: Cash | H12: 500000 | I12: =I11+G12-H12 -> 4844000
A13: 10 | B13: 46113 | C13: Gaji Mas Saiful | E13: 4 | F13: Cash | H13: 560000 | I13: =I12+G13-H13 -> 4284000
A14: 11 | B14: 46113 | C14: Gaji Mas Haidir | E14: 4 | F14: Cash | H14: 1180000 | I14: =I13+G14-H14 -> 3104000
A15: 12 | B15: 46143 | C15: Transfer masuk pak Lukman | E15: 4 | F15: Transfer | G15: 5100000 | I15: =I14+G15-H15 -> 8204000
A16: 13 | B16: 46143 | C16: Gaji marbot | E16: 4 | F16: Cash | H16: 750000 | I16: =I15+G16-H16 -> 7454000
A17: 14 | B17: 46143 | C17: Gaji Rofik | E17: 4 | F17: Cash | H17: 750000 | I17: =I16+G17-H17 -> 6704000
A18: 15 | B18: 46143 | C18: Gaji Pak Santok | E18: 4 | F18: Cash | H18: 900000 | I18: =I17+G18-H18 -> 5804000
A19: 16 | B19: 46143 | C19: iuran pak afrijal | E19: 5 | F19: Transfer | G19: 100000 | I19: =I18+G19-H19 -> 5904000
A20: 17 | B20: 46143 | C20: iuran pak ghozaimi | E20: 5 | F20: Transfer | G20: 200000 | I20: =I19+G20-H20 -> 6104000
A21: 18 | B21: 46143 | C21: iuran pak sumaryanto | E21: 5 | F21: Transfer | G21: 1320000 | I21: =I20+G21-H21 -> 7424000
A22: 19 | B22: 46143 | C22: iuran pak andrianto | E22: 5 | F22: Transfer | G22: 200000 | I22: =I21+G22-H22 -> 7624000
A23: 20 | B23: 46143 | C23: Beli ATK | E23: 5 | F23: Transfer | H23: 19000 | I23: =I22+G23-H23 -> 7605000
A24: 21 | B24: 46143 | C24: Bayar PDAM Musholla | E24: 5 | F24: Transfer | H24: 14500 | I24: =I23+G24-H24 -> 7590500
A25: 22 | B25: 46143 | C25: Bayar Listrik Musholla | E25: 5 | F25: Transfer | H25: =39648+3500 -> 43148 | I25: =I24+G25-H25 -> 7547352
A26: 23 | B26: 46143 | C26: iuran pak cahya | E26: 5 | F26: Transfer | G26: 200000 | I26: =I25+G26-H26 -> 7747352
A28: PENARIKAN TUNAI KE WARGA
A29: No | B29: Tgl | C29: Uraian | D29: Blok | E29: Masa | G29: Dr | H29: Cr | I29: Saldo
I30: 0
A31: 1 | B31: 46142 | C31: Iuran Warga | D31: B-23 | E31: 3 | F31: Cash | G31: 100000 | I31: =I30+G31-H31 -> 100000
A32: 2 | B32: 46142 | C32: Iuran Warga | D32: B-23 | E32: 4 | F32: Cash | G32: 100000 | I32: =I31+G32-H32 -> 200000
A33: 3 | B33: 46142 | C33: Iuran Warga | D33: A-02 | E33: 1 | F33: Cash | G33: 100000 | I33: =I32+G33-H33 -> 300000
A34: 4 | B34: 46142 | C34: Iuran Warga | D34: A-02 | E34: 2 | F34: Cash | G34: 100000 | I34: =I33+G34-H34 -> 400000
A35: 5 | B35: 46142 | C35: Iuran Warga | D35: A-02 | E35: 3 | F35: Cash | G35: 100000 | I35: =I34+G35-H35 -> 500000
A36: 6 | B36: 46142 | C36: Iuran Warga | D36: A-02 | E36: 4 | F36: Cash | G36: 100000 | I36: =I35+G36-H36 -> 600000
A37: 7 | B37: 46142 | C37: Iuran Warga | D37: A-22 | E37: 1 | F37: Cash | G37: 100000 | I37: =I36+G37-H37 -> 700000
A38: 8 | B38: 46142 | C38: Iuran Warga | D38: A-22 | E38: 2 | F38: Cash | G38: 100000 | I38: =I37+G38-H38 -> 800000
A39: 9 | B39: 46142 | C39: Iuran Warga | D39: A-22 | E39: 3 | F39: Cash | G39: 100000 | I39: =I38+G39-H39 -> 900000
A40: 10 | B40: 46142 | C40: Iuran Warga | D40: A-22 | E40: 4 | F40: Cash | G40: 100000 | I40: =I39+G40-H40 -> 1000000
A41: 11 | B41: 46142 | C41: Iuran Warga | D41: C-09 | E41: 1 | F41: Cash | G41: 100000 | I41: =I40+G41-H41 -> 1100000
A42: 12 | B42: 46142 | C42: Iuran Warga | D42: C-09 | E42: 2 | F42: Cash | G42: 100000 | I42: =I41+G42-H42 -> 1200000
... A64: 34 | B64: 46142 | C64: Iuran Warga | D64: B-2A | E64: 4 | F64: Cash | G64: 100000 | I64: =I63+G64-H64 -> 3400000
I66: =I64+I26 -> 11147352 | J66: 11142352 | K66: =I66-J66 -> 5000

Sheet JURNAL_25
A1: ='LR BLN'!A1:M1 -> Paguyuban Puri Bunga 2
A2: Laporan Kinerja Keuangan Tahun 2025
A5: JURNAL HARIAN PURI BUNGA 2 TAHUN 2025
A7: No. | B7: Tanggal | C7: Month | D7: SD | E7: MS BYR | F7: ACC | G7: ACC NAME | H7: URAIAN TRANSAKSI | I7: Blok | J7: Dr | K7: Cr | L7: Saldo | M7: Cek Saldo RK | N7: Cek Saldo Kas | O7: Selisih
A8: 1 | B8: 46023 | C8: =MONTH(B8) -> 1 | D8: 5 | G8: Saldo awal | L8: 0
A9: 1 | B9: 46137 | C9: =MONTH(B9) -> 4 | D9: 5 | E9: 1 | F9: 40 | G9: =IFERROR(VLOOKUP(F9,COA!$A$1:$K$26,2,FALSE),0) -> Penerimaan Iuran Warga | H9: Iuran Amir | I9: C-09 | J9: 100000 | L9: =L8+J9-K9 -> 100000
A10: =A9+1 -> 2 | B10: 46137 | C10: =MONTH(B10) -> 4 | D10: 5 | E10: 2 | F10: 40 | G10: =IFERROR(VLOOKUP(F10,COA!$A$1:$K$26,2,FALSE),0) -> Penerimaan Iuran Warga | H10: Iuran Amir | I10: C-09 | J10: 100000 | L10: =L9+J10-K10 -> 200000
A11: =A10+1 -> 3 | B11: 46137 | C11: =MONTH(B11) -> 4 | D11: 5 | E11: 3 | F11: 40 | G11: =IFERROR(VLOOKUP(F11,COA!$A$1:$K$26,2,FALSE),0) -> Penerimaan Iuran Warga | H11: Iuran Amir | I11: C-09 | J11: 100000 | L11: =L10+J11-K11 -> 300000
A12: =A11+1 -> 4 | B12: 46137 | C12: =MONTH(B12) -> 4 | D12: 5 | E12: 4 | F12: 40 | G12: =IFERROR(VLOOKUP(F12,COA!$A$1:$K$26,2,FALSE),0) -> Penerimaan Iuran Warga | H12: Iuran Amir | I12: C-09 | J12: 100000 | L12: =L11+J12-K12 -> 400000
A13: =A12+1 -> 5 | B13: 46137 | C13: =MONTH(B13) -> 4 | D13: 5 | E13: 5 | F13: 40 | G13: =IFERROR(VLOOKUP(F13,COA!$A$1:$K$26,2,FALSE),0) -> Penerimaan Iuran Warga | H13: Iuran Amir | I13: C-09 | J13: 100000 | L13: =L12+J13-K13 -> 500000
A14: =A13+1 -> 6 | B14: 46137 | C14: =MONTH(B14) -> 4 | D14: 5 | E14: 6 | F14: 40 | G14: =IFERROR(VLOOKUP(F14,COA!$A$1:$K$26,2,FALSE),0) -> Penerimaan Iuran Warga | H14: Iuran Amir | I14: C-09 | J14: 100000 | L14: =L13+J14-K14 -> 600000
A15: =A14+1 -> 7 | B15: 46137 | C15: =MONTH(B15) -> 4 | D15: 5 | E15: 7 | F15: 40 | G15: =IFERROR(VLOOKUP(F15,COA!$A$1:$K$26,2,FALSE),0) -> Penerimaan Iuran Warga | H15: Iuran Amir | I15: C-09 | J15: 100000 | L15: =L14+J15-K15 -> 700000
A16: =A15+1 -> 8 | B16: 46137 | C16: =MONTH(B16) -> 4 | D16: 5 | E16: 8 | F16: 40 | G16: =IFERROR(VLOOKUP(F16,COA!$A$1:$K$26,2,FALSE),0) -> Penerimaan Iuran Warga | H16: Iuran Amir | I16: C-09 | J16: 100000 | L16: =L15+J16-K16 -> 800000
A17: =A16+1 -> 9 | B17: 46137 | C17: =MONTH(B17) -> 4 | D17: 5 | E17: 9 | F17: 40 | G17: =IFERROR(VLOOKUP(F17,COA!$A$1:$K$26,2,FALSE),0) -> Penerimaan Iuran Warga | H17: Iuran Amir | I17: C-09 | J17: 100000 | L17: =L16+J17-K17 -> 900000
A18: =A17+1 -> 10 | B18: 46137 | C18: =MONTH(B18) -> 4 | D18: 5 | E18: 10 | F18: 40 | G18: =IFERROR(VLOOKUP(F18,COA!$A$1:$K$26,2,FALSE),0) -> Penerimaan Iuran Warga | H18: Iuran Amir | I18: C-09 | J18: 100000 | L18: =L17+J18-K18 -> 1000000
A19: =A18+1 -> 11 | B19: 46137 | C19: =MONTH(B19) -> 4 | D19: 5 | E19: 11 | F19: 40 | G19: =IFERROR(VLOOKUP(F19,COA!$A$1:$K$26,2,FALSE),0) -> Penerimaan Iuran Warga | H19: Iuran Amir | I19: C-09 | J19: 100000 | L19: =L18+J19-K19 -> 1100000
A20: =A19+1 -> 12 | B20: 46137 | C20: =MONTH(B20) -> 4 | D20: 5 | E20: 12 | F20: 40 | G20: =IFERROR(VLOOKUP(F20,COA!$A$1:$K$26,2,FALSE),0) -> Penerimaan Iuran Warga | H20: Iuran Amir | I20: C-09 | J20: 100000 | L20: =L19+J20-K20 -> 1200000
A21: =A20+1 -> 13 | B21: 46143 | C21: =MONTH(B21) -> 5 | D21: 5 | E21: 11 | F21: 40 | G21: =IFERROR(VLOOKUP(F21,COA!$A$1:$K$26,2,FALSE),0) -> Penerimaan Iuran Warga | I21: A-37 | J21: 100000 | L21: =L20+J21-K21 -> 1300000
A22: =A21+1 -> 14 | B22: 46143 | C22: =MONTH(B22) -> 5 | D22: 5 | E22: 12 | F22: 40 | G22: =IFERROR(VLOOKUP(F22,COA!$A$1:$K$26,2,FALSE),0) -> Penerimaan Iuran Warga | I22: A-37 | J22: 100000 | L22: =L21+J22-K22 -> 1400000
A23: =A22+1 -> 15 | B23: 46144 | C23: =MONTH(B23) -> 5 | D23: 5 | E23: 9 | F23: 40 | G23: =IFERROR(VLOOKUP(F23,COA!$A$1:$K$26,2,FALSE),0) -> Penerimaan Iuran Warga | H23: Iuran Mahameru Eki | I23: C-08 | J23: 100000 | L23: =L22+J23-K23 -> 1500000
A24: =A23+1 -> 16 | B24: 46144 | C24: =MONTH(B24) -> 5 | D24: 5 | E24: 10 | F24: 40 | G24: =IFERROR(VLOOKUP(F24,COA!$A$1:$K$26,2,FALSE),0) -> Penerimaan Iuran Warga | H24: Iuran Mahameru Eki | I24: C-08 | J24: 100000 | L24: =L23+J24-K24 -> 1600000
A25: =A24+1 -> 17 | B25: 46144 | C25: =MONTH(B25) -> 5 | D25: 5 | E25: 11 | F25: 40 | G25: =IFERROR(VLOOKUP(F25,COA!$A$1:$K$26,2,FALSE),0) -> Penerimaan Iuran Warga | H25: Iuran Mahameru Eki | I25: C-08 | J25: 100000 | L25: =L24+J25-K25 -> 1700000
A26: =A25+1 -> 18 | B26: 46144 | C26: =MONTH(B26) -> 5 | D26: 5 | E26: 12 | F26: 40 | G26: =IFERROR(VLOOKUP(F26,COA!$A$1:$K$26,2,FALSE),0) -> Penerimaan Iuran Warga | H26: Iuran Mahameru Eki | I26: C-08 | J26: 100000 | L26: =L25+J26-K26 -> 1800000
A27: =A26+1 -> 19 | C27: =MONTH(B27) -> 1 | D27: 5 | G27: =IFERROR(VLOOKUP(F27,COA!$A$1:$K$26,2,FALSE),0) -> 0 | L27: =L26+J27-K27 -> 1800000
A28: =A27+1 -> 20 | C28: =MONTH(B28) -> 1 | D28: 5 | G28: =IFERROR(VLOOKUP(F28,COA!$A$1:$K$26,2,FALSE),0) -> 0 | L28: =L27+J28-K28 -> 1800000
A29: =A28+1 -> 21 | C29: =MONTH(B29) -> 1 | D29: 5 | G29: =IFERROR(VLOOKUP(F29,COA!$A$1:$K$26,2,FALSE),0) -> 0 | L29: =L28+J29-K29 -> 1800000
A30: =A29+1 -> 22 | C30: =MONTH(B30) -> 1 | D30: 5 | G30: =IFERROR(VLOOKUP(F30,COA!$A$1:$K$26,2,FALSE),0) -> 0 | L30: =L29+J30-K30 -> 1800000
A31: =A30+1 -> 23 | C31: =MONTH(B31) -> 1 | D31: 5 | G31: =IFERROR(VLOOKUP(F31,COA!$A$1:$K$26,2,FALSE),0) -> 0 | L31: =L30+J31-K31 -> 1800000
A32: =A31+1 -> 24 | C32: =MONTH(B32) -> 1 | D32: 5 | G32: =IFERROR(VLOOKUP(F32,COA!$A$1:$K$26,2,FALSE),0) -> 0 | L32: =L31+J32-K32 -> 1800000
A33: =A32+1 -> 25 | C33: =MONTH(B33) -> 1 | D33: 5 | G33: =IFERROR(VLOOKUP(F33,COA!$A$1:$K$26,2,FALSE),0) -> 0 | L33: =L32+J33-K33 -> 1800000
A34: =A33+1 -> 26 | C34: =MONTH(B34) -> 1 | D34: 5 | G34: =IFERROR(VLOOKUP(F34,COA!$A$1:$K$26,2,FALSE),0) -> 0 | L34: =L33+J34-K34 -> 1800000
A35: =A34+1 -> 27 | C35: =MONTH(B35) -> 1 | D35: 5 | G35: =IFERROR(VLOOKUP(F35,COA!$A$1:$K$26,2,FALSE),0) -> 0 | L35: =L34+J35-K35 -> 1800000
A36: =A35+1 -> 28 | C36: =MONTH(B36) -> 1 | D36: 5 | G36: =IFERROR(VLOOKUP(F36,COA!$A$1:$K$26,2,FALSE),0) -> 0 | L36: =L35+J36-K36 -> 1800000
A37: =A36+1 -> 29 | C37: =MONTH(B37) -> 1 | D37: 5 | G37: =IFERROR(VLOOKUP(F37,COA!$A$1:$K$26,2,FALSE),0) -> 0 | L37: =L36+J37-K37 -> 1800000
A38: =A37+1 -> 30 | C38: =MONTH(B38) -> 1 | D38: 5 | G38: =IFERROR(VLOOKUP(F38,COA!$A$1:$K$26,2,FALSE),0) -> 0 | L38: =L37+J38-K38 -> 1800000
... A358: =A357+1 -> 350 | C358: =MONTH(B358) -> 1 | D358: 5 | G358: =IFERROR(VLOOKUP(F358,COA!$A$1:$K$26,2,FALSE),0) -> 0 | L358: =L357+J358-K358 -> 1800000
A359: =A358+1 -> 351 | C359: =MONTH(B359) -> 1 | D359: 5 | G359: =IFERROR(VLOOKUP(F359,COA!$A$1:$K$26,2,FALSE),0) -> 0 | L359: =L358+J359-K359 -> 1800000 | M359: 12535852 | N359: 304000 | O359: =L359-M359-N359 -> -11039852
A360: =A359+1 -> 352 | C360: =MONTH(B360) -> 1 | D360: 5 | G360: =IFERROR(VLOOKUP(F360,COA!$A$1:$K$26,2,FALSE),0) -> 0 | L360: =L359+J360-K360 -> 1800000
A361: =A360+1 -> 353 | C361: =MONTH(B361) -> 1 | D361: 5 | G361: =IFERROR(VLOOKUP(F361,COA!$A$1:$K$26,2,FALSE),0) -> 0 | L361: =L360+J361-K361 -> 1800000
A362: =A361+1 -> 354 | C362: =MONTH(B362) -> 1 | D362: 5 | G362: =IFERROR(VLOOKUP(F362,COA!$A$1:$K$26,2,FALSE),0) -> 0 | L362: =L361+J362-K362 -> 1800000
A363: =A362+1 -> 355 | C363: =MONTH(B363) -> 1 | D363: 5 | G363: =IFERROR(VLOOKUP(F363,COA!$A$1:$K$26,2,FALSE),0) -> 0 | L363: =L362+J363-K363 -> 1800000
A364: =A363+1 -> 356 | C364: =MONTH(B364) -> 1 | D364: 5 | G364: =IFERROR(VLOOKUP(F364,COA!$A$1:$K$26,2,FALSE),0) -> 0 | L364: =L363+J364-K364 -> 1800000
A365: =A364+1 -> 357 | C365: =MONTH(B365) -> 1 | D365: 5 | G365: =IFERROR(VLOOKUP(F365,COA!$A$1:$K$26,2,FALSE),0) -> 0 | L365: =L364+J365-K365 -> 1800000
A366: =A365+1 -> 358 | C366: =MONTH(B366) -> 1 | D366: 5 | G366: =IFERROR(VLOOKUP(F366,COA!$A$1:$K$26,2,FALSE),0) -> 0 | L366: =L365+J366-K366 -> 1800000
A367: =A366+1 -> 359 | C367: =MONTH(B367) -> 1 | D367: 5 | G367: =IFERROR(VLOOKUP(F367,COA!$A$1:$K$26,2,FALSE),0) -> 0 | L367: =L366+J367-K367 -> 1800000
A368: =A367+1 -> 360 | C368: =MONTH(B368) -> 1 | D368: 5 | G368: =IFERROR(VLOOKUP(F368,COA!$A$1:$K$26,2,FALSE),0) -> 0 | L368: =L367+J368-K368 -> 1800000
A369: =A368+1 -> 361 | C369: =MONTH(B369) -> 1 | D369: 5 | G369: =IFERROR(VLOOKUP(F369,COA!$A$1:$K$26,2,FALSE),0) -> 0 | L369: =L368+J369-K369 -> 1800000
A370: =A369+1 -> 362 | C370: =MONTH(B370) -> 1 | D370: 5 | G370: =IFERROR(VLOOKUP(F370,COA!$A$1:$K$26,2,FALSE),0) -> 0 | L370: =L369+J370-K370 -> 1800000
A371: =A370+1 -> 363 | C371: =MONTH(B371) -> 1 | D371: 5 | G371: =IFERROR(VLOOKUP(F371,COA!$A$1:$K$26,2,FALSE),0) -> 0 | L371: =L370+J371-K371 -> 1800000
... A408: =A407+1 -> 400 | C408: =MONTH(B408) -> 1 | D408: 5 | G408: =IFERROR(VLOOKUP(F408,COA!$A$1:$K$26,2,FALSE),0) -> 0 | L408: =L407+J408-K408 -> 1800000
A409: =A408+1 -> 401 | C409: =MONTH(B409) -> 1 | G409: =IFERROR(VLOOKUP(F409,COA!$A$1:$K$26,2,FALSE),0) -> 0 | L409: =L408+J409-K409 -> 1800000
A410: =A409+1 -> 402 | C410: =MONTH(B410) -> 1 | G410: =IFERROR(VLOOKUP(F410,COA!$A$1:$K$26,2,FALSE),0) -> 0 | L410: =L409+J410-K410 -> 1800000
A411: =A410+1 -> 403 | C411: =MONTH(B411) -> 1 | G411: =IFERROR(VLOOKUP(F411,COA!$A$1:$K$26,2,FALSE),0) -> 0 | L411: =L410+J411-K411 -> 1800000
A412: =A411+1 -> 404 | C412: =MONTH(B412) -> 1 | G412: =IFERROR(VLOOKUP(F412,COA!$A$1:$K$26,2,FALSE),0) -> 0 | L412: =L411+J412-K412 -> 1800000
A413: =A412+1 -> 405 | C413: =MONTH(B413) -> 1 | G413: =IFERROR(VLOOKUP(F413,COA!$A$1:$K$26,2,FALSE),0) -> 0 | L413: =L412+J413-K413 -> 1800000
A414: =A413+1 -> 406 | C414: =MONTH(B414) -> 1 | G414: =IFERROR(VLOOKUP(F414,COA!$A$1:$K$26,2,FALSE),0) -> 0 | L414: =L413+J414-K414 -> 1800000
A415: =A414+1 -> 407 | C415: =MONTH(B415) -> 1 | G415: =IFERROR(VLOOKUP(F415,COA!$A$1:$K$26,2,FALSE),0) -> 0 | L415: =L414+J415-K415 -> 1800000
A416: =A415+1 -> 408 | C416: =MONTH(B416) -> 1 | G416: =IFERROR(VLOOKUP(F416,COA!$A$1:$K$26,2,FALSE),0) -> 0 | L416: =L415+J416-K416 -> 1800000
A417: =A416+1 -> 409 | C417: =MONTH(B417) -> 1 | G417: =IFERROR(VLOOKUP(F417,COA!$A$1:$K$26,2,FALSE),0) -> 0 | L417: =L416+J417-K417 -> 1800000
A418: =A417+1 -> 410 | C418: =MONTH(B418) -> 1 | G418: =IFERROR(VLOOKUP(F418,COA!$A$1:$K$26,2,FALSE),0) -> 0 | L418: =L417+J418-K418 -> 1800000
A419: =A418+1 -> 411 | C419: =MONTH(B419) -> 1 | G419: =IFERROR(VLOOKUP(F419,COA!$A$1:$K$26,2,FALSE),0) -> 0 | L419: =L418+J419-K419 -> 1800000
A420: =A419+1 -> 412 | C420: =MONTH(B420) -> 1 | G420: =IFERROR(VLOOKUP(F420,COA!$A$1:$K$26,2,FALSE),0) -> 0 | L420: =L419+J420-K420 -> 1800000
... A1738: =A1737+1 -> 1730 | C1738: =MONTH(B1738) -> 1 | G1738: =IFERROR(VLOOKUP(F1738,COA!$A$1:$K$26,2,FALSE),0) -> 0 | L1738: =L1737+J1738-K1738 -> 1800000
A1739: =A1738+1 -> 1731 | J1739: =SUBTOTAL(9,J9:J1738) -> 1800000 | K1739: =SUBTOTAL(9,K9:K1738) -> 0 | L1739: =L8+J1739-K1739 -> 1800000
L1740: =L1738-L1739 -> 0

Sheet KAS KECIL
A1: ='LR BLN'!A1:M1 -> Paguyuban Puri Bunga 2
A2: Laporan Kinerja Keuangan Tahun 2025
A5: JURNAL HARIAN PURI BUNGA 2 TAHUN 2025
A7: No. | B7: Tanggal | C7: Month | D7: SD | E7: MS BYR | F7: ACC | G7: ACC NAME | H7: URAIAN TRANSAKSI | I7: Blok | J7: Dr | K7: Cr | L7: Saldo | M7: Cek Saldo RK | N7: Cek Saldo Kas | O7: Selisih
A8: 1 | B8: 46023 | C8: =MONTH(B8) -> 1 | D8: 5 | G8: Saldo awal | L8: 0
A9: 1 | B9: 46144 | C9: =MONTH(B9) -> 5 | D9: 5 | E9: 1 | F9: 11 | G9: =IFERROR(VLOOKUP(F9,COA!$A$1:$K$26,2,FALSE),0) -> Kas Kecil | H9: Kas kecil awal | J9: 304000 | L9: =L8+J9-K9 -> 304000
A10: =A9+1 -> 2 | B10: 46149 | C10: =MONTH(B10) -> 5 | D10: 5 | E10: 1 | F10: 11 | G10: =IFERROR(VLOOKUP(F10,COA!$A$1:$K$26,2,FALSE),0) -> Kas Kecil | H10: Pengambilan tunai untuk kas kecil | J10: 200000 | L10: =L9+J10-K10 -> 504000
A11: =A10+1 -> 3 | C11: =MONTH(B11) -> 1 | D11: 5 | G11: =IFERROR(VLOOKUP(F11,COA!$A$1:$K$26,2,FALSE),0) -> 0 | L11: =L10+J11-K11 -> 504000
A12: =A11+1 -> 4 | C12: =MONTH(B12) -> 1 | D12: 5 | G12: =IFERROR(VLOOKUP(F12,COA!$A$1:$K$26,2,FALSE),0) -> 0 | L12: =L11+J12-K12 -> 504000
A13: =A12+1 -> 5 | C13: =MONTH(B13) -> 1 | D13: 5 | G13: =IFERROR(VLOOKUP(F13,COA!$A$1:$K$26,2,FALSE),0) -> 0 | L13: =L12+J13-K13 -> 504000
A14: =A13+1 -> 6 | C14: =MONTH(B14) -> 1 | D14: 5 | G14: =IFERROR(VLOOKUP(F14,COA!$A$1:$K$26,2,FALSE),0) -> 0 | L14: =L13+J14-K14 -> 504000
A15: =A14+1 -> 7 | C15: =MONTH(B15) -> 1 | D15: 5 | G15: =IFERROR(VLOOKUP(F15,COA!$A$1:$K$26,2,FALSE),0) -> 0 | L15: =L14+J15-K15 -> 504000
A16: =A15+1 -> 8 | C16: =MONTH(B16) -> 1 | D16: 5 | G16: =IFERROR(VLOOKUP(F16,COA!$A$1:$K$26,2,FALSE),0) -> 0 | L16: =L15+J16-K16 -> 504000
A17: =A16+1 -> 9 | C17: =MONTH(B17) -> 1 | D17: 5 | G17: =IFERROR(VLOOKUP(F17,COA!$A$1:$K$26,2,FALSE),0) -> 0 | L17: =L16+J17-K17 -> 504000
A18: =A17+1 -> 10 | C18: =MONTH(B18) -> 1 | D18: 5 | G18: =IFERROR(VLOOKUP(F18,COA!$A$1:$K$26,2,FALSE),0) -> 0 | L18: =L17+J18-K18 -> 504000
A19: =A18+1 -> 11 | C19: =MONTH(B19) -> 1 | D19: 5 | G19: =IFERROR(VLOOKUP(F19,COA!$A$1:$K$26,2,FALSE),0) -> 0 | L19: =L18+J19-K19 -> 504000
A20: =A19+1 -> 12 | C20: =MONTH(B20) -> 1 | D20: 5 | G20: =IFERROR(VLOOKUP(F20,COA!$A$1:$K$26,2,FALSE),0) -> 0 | L20: =L19+J20-K20 -> 504000
A21: =A20+1 -> 13 | C21: =MONTH(B21) -> 1 | D21: 5 | G21: =IFERROR(VLOOKUP(F21,COA!$A$1:$K$26,2,FALSE),0) -> 0 | L21: =L20+J21-K21 -> 504000
A22: =A21+1 -> 14 | C22: =MONTH(B22) -> 1 | D22: 5 | G22: =IFERROR(VLOOKUP(F22,COA!$A$1:$K$26,2,FALSE),0) -> 0 | L22: =L21+J22-K22 -> 504000
... A358: =A357+1 -> 350 | C358: =MONTH(B358) -> 1 | D358: 5 | G358: =IFERROR(VLOOKUP(F358,COA!$A$1:$K$26,2,FALSE),0) -> 0 | L358: =L357+J358-K358 -> 504000
A359: =A358+1 -> 351 | C359: =MONTH(B359) -> 1 | D359: 5 | G359: =IFERROR(VLOOKUP(F359,COA!$A$1:$K$26,2,FALSE),0) -> 0 | L359: =L358+J359-K359 -> 504000 | M359: 12535852 | N359: 304000 | O359: =L359-M359-N359 -> -12335852
A360: =A359+1 -> 352 | C360: =MONTH(B360) -> 1 | D360: 5 | G360: =IFERROR(VLOOKUP(F360,COA!$A$1:$K$26,2,FALSE),0) -> 0 | L360: =L359+J360-K360 -> 504000
A361: =A360+1 -> 353 | C361: =MONTH(B361) -> 1 | D361: 5 | G361: =IFERROR(VLOOKUP(F361,COA!$A$1:$K$26,2,FALSE),0) -> 0 | L361: =L360+J361-K361 -> 504000
A362: =A361+1 -> 354 | C362: =MONTH(B362) -> 1 | D362: 5 | G362: =IFERROR(VLOOKUP(F362,COA!$A$1:$K$26,2,FALSE),0) -> 0 | L362: =L361+J362-K362 -> 504000
A363: =A362+1 -> 355 | C363: =MONTH(B363) -> 1 | D363: 5 | G363: =IFERROR(VLOOKUP(F363,COA!$A$1:$K$26,2,FALSE),0) -> 0 | L363: =L362+J363-K363 -> 504000
A364: =A363+1 -> 356 | C364: =MONTH(B364) -> 1 | D364: 5 | G364: =IFERROR(VLOOKUP(F364,COA!$A$1:$K$26,2,FALSE),0) -> 0 | L364: =L363+J364-K364 -> 504000
A365: =A364+1 -> 357 | C365: =MONTH(B365) -> 1 | D365: 5 | G365: =IFERROR(VLOOKUP(F365,COA!$A$1:$K$26,2,FALSE),0) -> 0 | L365: =L364+J365-K365 -> 504000
A366: =A365+1 -> 358 | C366: =MONTH(B366) -> 1 | D366: 5 | G366: =IFERROR(VLOOKUP(F366,COA!$A$1:$K$26,2,FALSE),0) -> 0 | L366: =L365+J366-K366 -> 504000
A367: =A366+1 -> 359 | C367: =MONTH(B367) -> 1 | D367: 5 | G367: =IFERROR(VLOOKUP(F367,COA!$A$1:$K$26,2,FALSE),0) -> 0 | L367: =L366+J367-K367 -> 504000
A368: =A367+1 -> 360 | C368: =MONTH(B368) -> 1 | D368: 5 | G368: =IFERROR(VLOOKUP(F368,COA!$A$1:$K$26,2,FALSE),0) -> 0 | L368: =L367+J368-K368 -> 504000
A369: =A368+1 -> 361 | C369: =MONTH(B369) -> 1 | D369: 5 | G369: =IFERROR(VLOOKUP(F369,COA!$A$1:$K$26,2,FALSE),0) -> 0 | L369: =L368+J369-K369 -> 504000
A370: =A369+1 -> 362 | C370: =MONTH(B370) -> 1 | D370: 5 | G370: =IFERROR(VLOOKUP(F370,COA!$A$1:$K$26,2,FALSE),0) -> 0 | L370: =L369+J370-K370 -> 504000
A371: =A370+1 -> 363 | C371: =MONTH(B371) -> 1 | D371: 5 | G371: =IFERROR(VLOOKUP(F371,COA!$A$1:$K$26,2,FALSE),0) -> 0 | L371: =L370+J371-K371 -> 504000
... A408: =A407+1 -> 400 | C408: =MONTH(B408) -> 1 | D408: 5 | G408: =IFERROR(VLOOKUP(F408,COA!$A$1:$K$26,2,FALSE),0) -> 0 | L408: =L407+J408-K408 -> 504000
A409: =A408+1 -> 401 | C409: =MONTH(B409) -> 1 | G409: =IFERROR(VLOOKUP(F409,COA!$A$1:$K$26,2,FALSE),0) -> 0 | L409: =L408+J409-K409 -> 504000
A410: =A409+1 -> 402 | C410: =MONTH(B410) -> 1 | G410: =IFERROR(VLOOKUP(F410,COA!$A$1:$K$26,2,FALSE),0) -> 0 | L410: =L409+J410-K410 -> 504000
A411: =A410+1 -> 403 | C411: =MONTH(B411) -> 1 | G411: =IFERROR(VLOOKUP(F411,COA!$A$1:$K$26,2,FALSE),0) -> 0 | L411: =L410+J411-K411 -> 504000
A412: =A411+1 -> 404 | C412: =MONTH(B412) -> 1 | G412: =IFERROR(VLOOKUP(F412,COA!$A$1:$K$26,2,FALSE),0) -> 0 | L412: =L411+J412-K412 -> 504000
A413: =A412+1 -> 405 | C413: =MONTH(B413) -> 1 | G413: =IFERROR(VLOOKUP(F413,COA!$A$1:$K$26,2,FALSE),0) -> 0 | L413: =L412+J413-K413 -> 504000
A414: =A413+1 -> 406 | C414: =MONTH(B414) -> 1 | G414: =IFERROR(VLOOKUP(F414,COA!$A$1:$K$26,2,FALSE),0) -> 0 | L414: =L413+J414-K414 -> 504000
A415: =A414+1 -> 407 | C415: =MONTH(B415) -> 1 | G415: =IFERROR(VLOOKUP(F415,COA!$A$1:$K$26,2,FALSE),0) -> 0 | L415: =L414+J415-K415 -> 504000
A416: =A415+1 -> 408 | C416: =MONTH(B416) -> 1 | G416: =IFERROR(VLOOKUP(F416,COA!$A$1:$K$26,2,FALSE),0) -> 0 | L416: =L415+J416-K416 -> 504000
A417: =A416+1 -> 409 | C417: =MONTH(B417) -> 1 | G417: =IFERROR(VLOOKUP(F417,COA!$A$1:$K$26,2,FALSE),0) -> 0 | L417: =L416+J417-K417 -> 504000
A418: =A417+1 -> 410 | C418: =MONTH(B418) -> 1 | G418: =IFERROR(VLOOKUP(F418,COA!$A$1:$K$26,2,FALSE),0) -> 0 | L418: =L417+J418-K418 -> 504000
A419: =A418+1 -> 411 | C419: =MONTH(B419) -> 1 | G419: =IFERROR(VLOOKUP(F419,COA!$A$1:$K$26,2,FALSE),0) -> 0 | L419: =L418+J419-K419 -> 504000
A420: =A419+1 -> 412 | C420: =MONTH(B420) -> 1 | G420: =IFERROR(VLOOKUP(F420,COA!$A$1:$K$26,2,FALSE),0) -> 0 | L420: =L419+J420-K420 -> 504000
... A1738: =A1737+1 -> 1730 | C1738: =MONTH(B1738) -> 1 | G1738: =IFERROR(VLOOKUP(F1738,COA!$A$1:$K$26,2,FALSE),0) -> 0 | L1738: =L1737+J1738-K1738 -> 504000
A1739: =A1738+1 -> 1731 | J1739: =SUBTOTAL(9,J9:J1738) -> 504000 | K1739: =SUBTOTAL(9,K9:K1738) -> 0 | L1739: =L8+J1739-K1739 -> 504000
L1740: =L1738-L1739 -> 0

Sheet JURNAL_26
A1: ='LR BLN'!A1:M1 -> Paguyuban Puri Bunga 2
A2: ='LR BLN'!A2:M2 -> Laporan Kinerja Keuangan Tahun 2026
A5: JURNAL HARIAN PURI BUNGA 2 TAHUN 2026
A7: No. | B7: Tanggal | C7: Month | D7: SD | E7: MS BYR | F7: ACC | G7: ACC NAME | H7: URAIAN TRANSAKSI | I7: Blok | J7: Dr | K7: Cr | L7: Saldo | M7: Cek Saldo RK | N7: Cek Saldo Kas | O7: Selisih
A8: 1 | B8: 46023 | C8: =MONTH(B8) -> 1 | D8: 5 | G8: Saldo awal | L8: =8450500-190000 -> 8260500
A9: 1 | B9: 46023 | C9: =MONTH(B9) -> 1 | D9: 5 | E9: 1 | F9: 40 | G9: =IFERROR(VLOOKUP(F9,COA!$A$1:$K$26,2,FALSE),0) -> Penerimaan Iuran Warga | H9: Iuran Pak Kafid | I9: A-27 | J9: 100000 | L9: =L8+J9-K9 -> 8360500
A10: =A9+1 -> 2 | B10: 46023 | C10: =MONTH(B10) -> 1 | D10: 5 | E10: 1 | F10: 40 | G10: =IFERROR(VLOOKUP(F10,COA!$A$1:$K$26,2,FALSE),0) -> Penerimaan Iuran Warga | H10: Iuran Pak Afrijal | I10: B-11B | J10: 100000 | L10: =L9+J10-K10 -> 8460500
A11: =A10+1 -> 3 | B11: 46023 | C11: =MONTH(B11) -> 1 | D11: 5 | E11: 1 | F11: 40 | G11: =IFERROR(VLOOKUP(F11,COA!$A$1:$K$26,2,FALSE),0) -> Penerimaan Iuran Warga | I11: A-14 | J11: 100000 | L11: =L10+J11-K11 -> 8560500
A12: =A11+1 -> 4 | B12: 46023 | C12: =MONTH(B12) -> 1 | D12: 5 | E12: 1 | F12: 40 | G12: =IFERROR(VLOOKUP(F12,COA!$A$1:$K$26,2,FALSE),0) -> Penerimaan Iuran Warga | I12: A-16 | J12: 100000 | L12: =L11+J12-K12 -> 8660500
A13: =A12+1 -> 5 | B13: 46026 | C13: =MONTH(B13) -> 1 | D13: 5 | E13: 1 | F13: 40 | G13: =IFERROR(VLOOKUP(F13,COA!$A$1:$K$26,2,FALSE),0) -> Penerimaan Iuran Warga | I13: D-01 | J13: 100000 | L13: =L12+J13-K13 -> 8760500
A14: =A13+1 -> 6 | B14: 46026 | C14: =MONTH(B14) -> 1 | D14: 5 | E14: 2 | F14: 40 | G14: =IFERROR(VLOOKUP(F14,COA!$A$1:$K$26,2,FALSE),0) -> Penerimaan Iuran Warga | I14: D-01 | J14: 100000 | L14: =L13+J14-K14 -> 8860500
A15: =A14+1 -> 7 | B15: 46026 | C15: =MONTH(B15) -> 1 | D15: 5 | E15: 3 | F15: 40 | G15: =IFERROR(VLOOKUP(F15,COA!$A$1:$K$26,2,FALSE),0) -> Penerimaan Iuran Warga | I15: D-01 | J15: 100000 | L15: =L14+J15-K15 -> 8960500
A16: =A15+1 -> 8 | B16: 46026 | C16: =MONTH(B16) -> 1 | D16: 5 | E16: 4 | F16: 40 | G16: =IFERROR(VLOOKUP(F16,COA!$A$1:$K$26,2,FALSE),0) -> Penerimaan Iuran Warga | I16: D-01 | J16: 100000 | L16: =L15+J16-K16 -> 9060500
A17: =A16+1 -> 9 | B17: 46026 | C17: =MONTH(B17) -> 1 | D17: 5 | E17: 5 | F17: 40 | G17: =IFERROR(VLOOKUP(F17,COA!$A$1:$K$26,2,FALSE),0) -> Penerimaan Iuran Warga | I17: D-01 | J17: 100000 | L17: =L16+J17-K17 -> 9160500
A18: =A17+1 -> 10 | B18: 46026 | C18: =MONTH(B18) -> 1 | D18: 5 | E18: 6 | F18: 20 | G18: =IFERROR(VLOOKUP(F18,COA!$A$1:$K$26,2,FALSE),0) -> Iuran Warga Diterima di muka | I18: D-01 | J18: 100000 | L18: =L17+J18-K18 -> 9260500
A19: =A18+1 -> 11 | B19: 46026 | C19: =MONTH(B19) -> 1 | D19: 5 | E19: 7 | F19: 20 | G19: =IFERROR(VLOOKUP(F19,COA!$A$1:$K$26,2,FALSE),0) -> Iuran Warga Diterima di muka | I19: D-01 | J19: 100000 | L19: =L18+J19-K19 -> 9360500
A20: =A19+1 -> 12 | B20: 46026 | C20: =MONTH(B20) -> 1 | D20: 5 | E20: 8 | F20: 20 | G20: =IFERROR(VLOOKUP(F20,COA!$A$1:$K$26,2,FALSE),0) -> Iuran Warga Diterima di muka | I20: D-01 | J20: 100000 | L20: =L19+J20-K20 -> 9460500
A21: =A20+1 -> 13 | B21: 46026 | C21: =MONTH(B21) -> 1 | D21: 5 | E21: 9 | F21: 20 | G21: =IFERROR(VLOOKUP(F21,COA!$A$1:$K$26,2,FALSE),0) -> Iuran Warga Diterima di muka | I21: D-01 | J21: 100000 | L21: =L20+J21-K21 -> 9560500
A22: =A21+1 -> 14 | B22: 46026 | C22: =MONTH(B22) -> 1 | D22: 5 | E22: 10 | F22: 20 | G22: =IFERROR(VLOOKUP(F22,COA!$A$1:$K$26,2,FALSE),0) -> Iuran Warga Diterima di muka | I22: D-01 | J22: 100000 | L22: =L21+J22-K22 -> 9660500
... A56: =A55+1 -> 48 | B56: 46053 | C56: =MONTH(B56) -> 1 | D56: 5 | E56: 1 | F56: 40 | G56: =IFERROR(VLOOKUP(F56,COA!$A$1:$K$26,2,FALSE),0) -> Penerimaan Iuran Warga | I56: A-30 | J56: 100000 | L56: =L55+J56-K56 -> 13215500
A57: =A56+1 -> 49 | B57: 46053 | C57: =MONTH(B57) -> 1 | D57: 5 | E57: 1 | F57: 50 | G57: =IFERROR(VLOOKUP(F57,COA!$A$1:$K$26,2,FALSE),0) -> Biaya Gaji Satpam | H57: Gaji Mas Haidir | K57: =1115500+500000 -> 1615500 | L57: =L56+J57-K57 -> 11600000
A58: =A57+1 -> 50 | B58: 46053 | C58: =MONTH(B58) -> 1 | D58: 5 | E58: 1 | F58: 50 | G58: =IFERROR(VLOOKUP(F58,COA!$A$1:$K$26,2,FALSE),0) -> Biaya Gaji Satpam | H58: Gaji Mas Saiful | K58: =716000+500000 -> 1216000 | L58: =L57+J58-K58 -> 10384000
A59: =A58+1 -> 51 | B59: 46053 | C59: =MONTH(B59) -> 1 | D59: 5 | E59: 1 | F59: 50 | G59: =IFERROR(VLOOKUP(F59,COA!$A$1:$K$26,2,FALSE),0) -> Biaya Gaji Satpam | H59: Gaji Samsah | K59: =189000+500000 -> 689000 | L59: =L58+J59-K59 -> 9695000
A60: =A59+1 -> 52 | B60: 46053 | C60: =MONTH(B60) -> 1 | D60: 5 | E60: 1 | F60: 51 | G60: =IFERROR(VLOOKUP(F60,COA!$A$1:$K$26,2,FALSE),0) -> Biaya Gaji Sampah | H60: Gaji Pak Santok | K60: 850000 | L60: =L59+J60-K60 -> 8845000
A61: =A60+1 -> 53 | B61: 46053 | C61: =MONTH(B61) -> 1 | D61: 5 | E61: 1 | F61: 52 | G61: =IFERROR(VLOOKUP(F61,COA!$A$1:$K$26,2,FALSE),0) -> Biaya Gaji Marbot | H61: Gaji Rofik | K61: 750000 | L61: =L60+J61-K61 -> 8095000
A62: =A61+1 -> 54 | B62: 46053 | C62: =MONTH(B62) -> 1 | D62: 5 | E62: 2 | F62: 40 | G62: =IFERROR(VLOOKUP(F62,COA!$A$1:$K$26,2,FALSE),0) -> Penerimaan Iuran Warga | I62: A-34 | J62: 100000 | L62: =L61+J62-K62 -> 8195000
A63: =A62+1 -> 55 | B63: 46054 | C63: =MONTH(B63) -> 2 | D63: 5 | E63: 1 | F63: 40 | G63: =IFERROR(VLOOKUP(F63,COA!$A$1:$K$26,2,FALSE),0) -> Penerimaan Iuran Warga | I63: B-11 | J63: 100000 | L63: =L62+J63-K63 -> 8295000
A64: =A63+1 -> 56 | B64: 46054 | C64: =MONTH(B64) -> 2 | D64: 5 | E64: 2 | F64: 40 | G64: =IFERROR(VLOOKUP(F64,COA!$A$1:$K$26,2,FALSE),0) -> Penerimaan Iuran Warga | I64: B-11 | J64: 100000 | L64: =L63+J64-K64 -> 8395000
A65: =A64+1 -> 57 | B65: 46054 | C65: =MONTH(B65) -> 2 | D65: 5 | E65: 3 | F65: 40 | G65: =IFERROR(VLOOKUP(F65,COA!$A$1:$K$26,2,FALSE),0) -> Penerimaan Iuran Warga | I65: B-11 | J65: 100000 | L65: =L64+J65-K65 -> 8495000
A66: =A65+1 -> 58 | B66: 46054 | C66: =MONTH(B66) -> 2 | D66: 5 | E66: 2 | F66: 40 | G66: =IFERROR(VLOOKUP(F66,COA!$A$1:$K$26,2,FALSE),0) -> Penerimaan Iuran Warga | H66: Iuran Pak Afrijal | I66: B-11B | J66: 100000 | L66: =L65+J66-K66 -> 8595000
A67: =A66+1 -> 59 | B67: 46054 | C67: =MONTH(B67) -> 2 | D67: 5 | E67: 2 | F67: 40 | G67: =IFERROR(VLOOKUP(F67,COA!$A$1:$K$26,2,FALSE),0) -> Penerimaan Iuran Warga | I67: A-14 | J67: 100000 | L67: =L66+J67-K67 -> 8695000
A68: =A67+1 -> 60 | B68: 46055 | C68: =MONTH(B68) -> 2 | D68: 5 | E68: 2 | F68: 40 | G68: =IFERROR(VLOOKUP(F68,COA!$A$1:$K$26,2,FALSE),0) -> Penerimaan Iuran Warga | H68: Iuran Pak Kafid | I68: A-27 | J68: 100000 | L68: =L67+J68-K68 -> 8795000
A69: =A68+1 -> 61 | B69: 46055 | C69: =MONTH(B69) -> 2 | D69: 5 | E69: 1 | F69: 40 | G69: =IFERROR(VLOOKUP(F69,COA!$A$1:$K$26,2,FALSE),0) -> Penerimaan Iuran Warga | I69: A-06 | J69: 100000 | L69: =L68+J69-K69 -> 8895000
A70: =A69+1 -> 62 | B70: 46055 | C70: =MONTH(B70) -> 2 | D70: 5 | E70: 2 | F70: 40 | G70: =IFERROR(VLOOKUP(F70,COA!$A$1:$K$26,2,FALSE),0) -> Penerimaan Iuran Warga | I70: A-06 | J70: 100000 | L70: =L69+J70-K70 -> 8995000
A71: =A70+1 -> 63 | B71: 46055 | C71: =MONTH(B71) -> 2 | D71: 5 | E71: 3 | F71: 40 | G71: =IFERROR(VLOOKUP(F71,COA!$A$1:$K$26,2,FALSE),0) -> Penerimaan Iuran Warga | I71: A-06 | J71: 100000 | L71: =L70+J71-K71 -> 9095000
A72: =A71+1 -> 64 | B72: 46055 | C72: =MONTH(B72) -> 2 | D72: 5 | E72: 4 | F72: 40 | G72: =IFERROR(VLOOKUP(F72,COA!$A$1:$K$26,2,FALSE),0) -> Penerimaan Iuran Warga | I72: A-06 | J72: 100000 | L72: =L71+J72-K72 -> 9195000
A73: =A72+1 -> 65 | B73: 46055 | C73: =MONTH(B73) -> 2 | D73: 5 | E73: 5 | F73: 40 | G73: =IFERROR(VLOOKUP(F73,COA!$A$1:$K$26,2,FALSE),0) -> Penerimaan Iuran Warga | I73: A-06 | J73: 100000 | L73: =L72+J73-K73 -> 9295000
A74: =A73+1 -> 66 | B74: 46055 | C74: =MONTH(B74) -> 2 | D74: 5 | E74: 6 | F74: 20 | G74: =IFERROR(VLOOKUP(F74,COA!$A$1:$K$26,2,FALSE),0) -> Iuran Warga Diterima di muka | I74: A-06 | J74: 100000 | L74: =L73+J74-K74 -> 9395000
A75: =A74+1 -> 67 | B75: 46055 | C75: =MONTH(B75) -> 2 | D75: 5 | E75: 7 | F75: 20 | G75: =IFERROR(VLOOKUP(F75,COA!$A$1:$K$26,2,FALSE),0) -> Iuran Warga Diterima di muka | I75: A-06 | J75: 100000 | L75: =L74+J75-K75 -> 9495000
A76: =A75+1 -> 68 | B76: 46055 | C76: =MONTH(B76) -> 2 | D76: 5 | E76: 8 | F76: 20 | G76: =IFERROR(VLOOKUP(F76,COA!$A$1:$K$26,2,FALSE),0) -> Iuran Warga Diterima di muka | I76: A-06 | J76: 100000 | L76: =L75+J76-K76 -> 9595000
A77: =A76+1 -> 69 | B77: 46055 | C77: =MONTH(B77) -> 2 | D77: 5 | E77: 9 | F77: 20 | G77: =IFERROR(VLOOKUP(F77,COA!$A$1:$K$26,2,FALSE),0) -> Iuran Warga Diterima di muka | I77: A-06 | J77: 100000 | L77: =L76+J77-K77 -> 9695000
A78: =A77+1 -> 70 | B78: 46055 | C78: =MONTH(B78) -> 2 | D78: 5 | E78: 10 | F78: 20 | G78: =IFERROR(VLOOKUP(F78,COA!$A$1:$K$26,2,FALSE),0) -> Iuran Warga Diterima di muka | I78: A-06 | J78: 100000 | L78: =L77+J78-K78 -> 9795000
A79: =A78+1 -> 71 | B79: 46055 | C79: =MONTH(B79) -> 2 | D79: 5 | E79: 11 | F79: 20 | G79: =IFERROR(VLOOKUP(F79,COA!$A$1:$K$26,2,FALSE),0) -> Iuran Warga Diterima di muka | I79: A-06 | J79: 100000 | L79: =L78+J79-K79 -> 9895000
A80: =A79+1 -> 72 | B80: 46055 | C80: =MONTH(B80) -> 2 | D80: 5 | E80: 12 | F80: 20 | G80: =IFERROR(VLOOKUP(F80,COA!$A$1:$K$26,2,FALSE),0) -> Iuran Warga Diterima di muka | I80: A-06 | J80: 100000 | L80: =L79+J80-K80 -> 9995000
... A91: =A90+1 -> 83 | B91: 46056 | C91: =MONTH(B91) -> 2 | D91: 5 | E91: 1 | F91: 40 | G91: =IFERROR(VLOOKUP(F91,COA!$A$1:$K$26,2,FALSE),0) -> Penerimaan Iuran Warga | I91: A-02 | J91: 100000 | L91: =L90+J91-K91 -> 11310000
A92: =A91+1 -> 84 | B92: 46057 | C92: =MONTH(B92) -> 2 | D92: 5 | E92: 1 | F92: 40 | G92: =IFERROR(VLOOKUP(F92,COA!$A$1:$K$26,2,FALSE),0) -> Penerimaan Iuran Warga | H92: Iuran Pak Ghozaimi | I92: A-24 | J92: 100000 | L92: =L91+J92-K92 -> 11410000
A93: =A92+1 -> 85 | B93: 46057 | C93: =MONTH(B93) -> 2 | D93: 5 | E93: 2 | F93: 40 | G93: =IFERROR(VLOOKUP(F93,COA!$A$1:$K$26,2,FALSE),0) -> Penerimaan Iuran Warga | H93: Iuran Pak Ghozaimi | I93: A-24 | J93: 100000 | L93: =L92+J93-K93 -> 11510000
A94: =A93+1 -> 86 | B94: 46057 | C94: =MONTH(B94) -> 2 | D94: 5 | E94: 2 | F94: 40 | G94: =IFERROR(VLOOKUP(F94,COA!$A$1:$K$26,2,FALSE),0) -> Penerimaan Iuran Warga | I94: A-05 | J94: 100000 | L94: =L93+J94-K94 -> 11610000
A95: =A94+1 -> 87 | B95: 46058 | C95: =MONTH(B95) -> 2 | D95: 5 | E95: 1 | F95: 40 | G95: =IFERROR(VLOOKUP(F95,COA!$A$1:$K$26,2,FALSE),0) -> Penerimaan Iuran Warga | I95: A-38 | J95: 100000 | L95: =L94+J95-K95 -> 11710000
A96: =A95+1 -> 88 | B96: 46058 | C96: =MONTH(B96) -> 2 | D96: 5 | E96: 2 | F96: 40 | G96: =IFERROR(VLOOKUP(F96,COA!$A$1:$K$26,2,FALSE),0) -> Penerimaan Iuran Warga | I96: A-38 | J96: 100000 | L96: =L95+J96-K96 -> 11810000
A97: =A96+1 -> 89 | B97: 46058 | C97: =MONTH(B97) -> 2 | D97: 5 | E97: 1 | F97: 40 | G97: =IFERROR(VLOOKUP(F97,COA!$A$1:$K$26,2,FALSE),0) -> Penerimaan Iuran Warga | I97: A-26 | J97: 100000 | L97: =L96+J97-K97 -> 11910000
A98: =A97+1 -> 90 | B98: 46058 | C98: =MONTH(B98) -> 2 | D98: 5 | E98: 2 | F98: 40 | G98: =IFERROR(VLOOKUP(F98,COA!$A$1:$K$26,2,FALSE),0) -> Penerimaan Iuran Warga | I98: A-26 | J98: 100000 | L98: =L97+J98-K98 -> 12010000
A99: =A98+1 -> 91 | B99: 46058 | C99: =MONTH(B99) -> 2 | D99: 5 | E99: 3 | F99: 40 | G99: =IFERROR(VLOOKUP(F99,COA!$A$1:$K$26,2,FALSE),0) -> Penerimaan Iuran Warga | I99: A-26 | J99: 100000 | L99: =L98+J99-K99 -> 12110000
A100: =A99+1 -> 92 | B100: 46058 | C100: =MONTH(B100) -> 2 | D100: 5 | E100: 4 | F100: 40 | G100: =IFERROR(VLOOKUP(F100,COA!$A$1:$K$26,2,FALSE),0) -> Penerimaan Iuran Warga | I100: A-26 | J100: 100000 | L100: =L99+J100-K100 -> 12210000
A101: =A100+1 -> 93 | B101: 46058 | C101: =MONTH(B101) -> 2 | D101: 5 | E101: 5 | F101: 40 | G101: =IFERROR(VLOOKUP(F101,COA!$A$1:$K$26,2,FALSE),0) -> Penerimaan Iuran Warga | I101: A-26 | J101: 100000 | L101: =L100+J101-K101 -> 12310000
A102: =A101+1 -> 94 | B102: 46058 | C102: =MONTH(B102) -> 2 | D102: 5 | E102: 6 | F102: 20 | G102: =IFERROR(VLOOKUP(F102,COA!$A$1:$K$26,2,FALSE),0) -> Iuran Warga Diterima di muka | I102: A-26 | J102: 100000 | L102: =L101+J102-K102 -> 12410000
A103: =A102+1 -> 95 | B103: 46058 | C103: =MONTH(B103) -> 2 | D103: 5 | E103: 7 | F103: 20 | G103: =IFERROR(VLOOKUP(F103,COA!$A$1:$K$26,2,FALSE),0) -> Iuran Warga Diterima di muka | I103: A-26 | J103: 100000 | L103: =L102+J103-K103 -> 12510000
A104: =A103+1 -> 96 | B104: 46058 | C104: =MONTH(B104) -> 2 | D104: 5 | E104: 8 | F104: 20 | G104: =IFERROR(VLOOKUP(F104,COA!$A$1:$K$26,2,FALSE),0) -> Iuran Warga Diterima di muka | I104: A-26 | J104: 100000 | L104: =L103+J104-K104 -> 12610000
A105: =A104+1 -> 97 | B105: 46058 | C105: =MONTH(B105) -> 2 | D105: 5 | E105: 9 | F105: 20 | G105: =IFERROR(VLOOKUP(F105,COA!$A$1:$K$26,2,FALSE),0) -> Iuran Warga Diterima di muka | I105: A-26 | J105: 100000 | L105: =L104+J105-K105 -> 12710000
... A140: =A139+1 -> 132 | B140: 46070 | C140: =MONTH(B140) -> 2 | D140: 5 | E140: 12 | F140: 20 | G140: =IFERROR(VLOOKUP(F140,COA!$A$1:$K$26,2,FALSE),0) -> Iuran Warga Diterima di muka | I140: A-35 | J140: 100000 | L140: =L139+J140-K140 -> 16210000
A141: =A140+1 -> 133 | B141: 46073 | C141: =MONTH(B141) -> 2 | D141: 5 | E141: 2 | F141: 60 | G141: =IFERROR(VLOOKUP(F141,COA!$A$1:$K$26,2,FALSE),0) -> Biaya Logistik Satpam dan Musholla | K141: =15000*3*10 -> 450000 | L141: =L140+J141-K141 -> 15760000
A142: =A141+1 -> 134 | B142: 46073 | C142: =MONTH(B142) -> 2 | D142: 5 | E142: 2 | F142: 40 | G142: =IFERROR(VLOOKUP(F142,COA!$A$1:$K$26,2,FALSE),0) -> Penerimaan Iuran Warga | I142: A-07 | J142: 100000 | L142: =L141+J142-K142 -> 15860000
A143: =A142+1 -> 135 | B143: 46076 | C143: =MONTH(B143) -> 2 | D143: 5 | E143: 2 | F143: 40 | G143: =IFERROR(VLOOKUP(F143,COA!$A$1:$K$26,2,FALSE),0) -> Penerimaan Iuran Warga | I143: B-07 | J143: 100000 | L143: =L142+J143-K143 -> 15960000
A144: =A143+1 -> 136 | B144: 46081 | C144: =MONTH(B144) -> 2 | D144: 5 | E144: 1 | F144: 40 | G144: =IFERROR(VLOOKUP(F144,COA!$A$1:$K$26,2,FALSE),0) -> Penerimaan Iuran Warga | I144: C-01 | J144: 100000 | L144: =L143+J144-K144 -> 16060000
A145: =A144+1 -> 137 | B145: 46081 | C145: =MONTH(B145) -> 2 | D145: 5 | E145: 2 | F145: 40 | G145: =IFERROR(VLOOKUP(F145,COA!$A$1:$K$26,2,FALSE),0) -> Penerimaan Iuran Warga | I145: C-01 | J145: 100000 | L145: =L144+J145-K145 -> 16160000
A146: =A145+1 -> 138 | B146: 46081 | C146: =MONTH(B146) -> 2 | D146: 5 | E146: 3 | F146: 40 | G146: =IFERROR(VLOOKUP(F146,COA!$A$1:$K$26,2,FALSE),0) -> Penerimaan Iuran Warga | I146: C-01 | J146: 100000 | L146: =L145+J146-K146 -> 16260000
A147: =A146+1 -> 139 | B147: 46081 | C147: =MONTH(B147) -> 2 | D147: 5 | E147: 4 | F147: 40 | G147: =IFERROR(VLOOKUP(F147,COA!$A$1:$K$26,2,FALSE),0) -> Penerimaan Iuran Warga | I147: C-01 | J147: 100000 | L147: =L146+J147-K147 -> 16360000
A148: =A147+1 -> 140 | B148: 46081 | C148: =MONTH(B148) -> 2 | D148: 5 | E148: 2 | F148: 50 | G148: =IFERROR(VLOOKUP(F148,COA!$A$1:$K$26,2,FALSE),0) -> Biaya Gaji Satpam | H148: Gaji Mas Haidir | K148: =1093000+500000 -> 1593000 | L148: =L147+J148-K148 -> 14767000
A149: =A148+1 -> 141 | B149: 46081 | C149: =MONTH(B149) -> 2 | D149: 5 | E149: 2 | F149: 50 | G149: =IFERROR(VLOOKUP(F149,COA!$A$1:$K$26,2,FALSE),0) -> Biaya Gaji Satpam | H149: Gaji Mas Saiful | K149: =1109000+500000 -> 1609000 | L149: =L148+J149-K149 -> 13158000
A150: =A149+1 -> 142 | B150: 46081 | C150: =MONTH(B150) -> 2 | D150: 5 | E150: 2 | F150: 51 | G150: =IFERROR(VLOOKUP(F150,COA!$A$1:$K$26,2,FALSE),0) -> Biaya Gaji Sampah | H150: Gaji Pak Santok | K150: 850000 | L150: =L149+J150-K150 -> 12308000
A151: =A150+1 -> 143 | B151: 46081 | C151: =MONTH(B151) -> 2 | D151: 5 | E151: 2 | F151: 52 | G151: =IFERROR(VLOOKUP(F151,COA!$A$1:$K$26,2,FALSE),0) -> Biaya Gaji Marbot | H151: Gaji Rofik | K151: 750000 | L151: =L150+J151-K151 -> 11558000
A152: =A151+1 -> 144 | B152: 46082 | C152: =MONTH(B152) -> 3 | D152: 5 | E152: 3 | F152: 60 | G152: =IFERROR(VLOOKUP(F152,COA!$A$1:$K$26,2,FALSE),0) -> Biaya Logistik Satpam dan Musholla | H152: Uang sahur satpam dan marbot | K152: 450000 | L152: =L151+J152-K152 -> 11108000
A153: =A152+1 -> 145 | B153: 46082 | C153: =MONTH(B153) -> 3 | D153: 5 | E153: 3 | F153: 40 | G153: =IFERROR(VLOOKUP(F153,COA!$A$1:$K$26,2,FALSE),0) -> Penerimaan Iuran Warga | H153: Iuran Pak Kafid | I153: A-27 | J153: 100000 | L153: =L152+J153-K153 -> 11208000
A154: =A153+1 -> 146 | B154: 46082 | C154: =MONTH(B154) -> 3 | D154: 5 | E154: 3 | F154: 40 | G154: =IFERROR(VLOOKUP(F154,COA!$A$1:$K$26,2,FALSE),0) -> Penerimaan Iuran Warga | H154: Iuran Pak Afrijal | I154: B-11B | J154: 100000 | L154: =L153+J154-K154 -> 11308000
A155: =A154+1 -> 147 | B155: 46082 | C155: =MONTH(B155) -> 3 | D155: 5 | E155: 2 | F155: 40 | G155: =IFERROR(VLOOKUP(F155,COA!$A$1:$K$26,2,FALSE),0) -> Penerimaan Iuran Warga | I155: C-06 | J155: 100000 | L155: =L154+J155-K155 -> 11408000
A156: =A155+1 -> 148 | B156: 46082 | C156: =MONTH(B156) -> 3 | D156: 5 | E156: 3 | F156: 40 | G156: =IFERROR(VLOOKUP(F156,COA!$A$1:$K$26,2,FALSE),0) -> Penerimaan Iuran Warga | I156: C-06 | J156: 100000 | L156: =L155+J156-K156 -> 11508000
A157: =A156+1 -> 149 | B157: 46082 | C157: =MONTH(B157) -> 3 | D157: 5 | E157: 3 | F157: 40 | G157: =IFERROR(VLOOKUP(F157,COA!$A$1:$K$26,2,FALSE),0) -> Penerimaan Iuran Warga | I157: A-34 | J157: 100000 | L157: =L156+J157-K157 -> 11608000
A158: =A157+1 -> 150 | B158: 46082 | C158: =MONTH(B158) -> 3 | D158: 5 | E158: 3 | F158: 50 | G158: =IFERROR(VLOOKUP(F158,COA!$A$1:$K$26,2,FALSE),0) -> Biaya Gaji Satpam | H158: Gaji Mas Haidir | K158: 944000 | L158: =L157+J158-K158 -> 10664000
A159: =A158+1 -> 151 | B159: 46082 | C159: =MONTH(B159) -> 3 | D159: 5 | E159: 3 | F159: 50 | G159: =IFERROR(VLOOKUP(F159,COA!$A$1:$K$26,2,FALSE),0) -> Biaya Gaji Satpam | H159: Gaji Mas Saiful | K159: 1732000 | L159: =L158+J159-K159 -> 8932000
A160: =A159+1 -> 152 | B160: 46082 | C160: =MONTH(B160) -> 3 | D160: 5 | E160: 3 | F160: 50 | G160: =IFERROR(VLOOKUP(F160,COA!$A$1:$K$26,2,FALSE),0) -> Biaya Gaji Satpam | H160: Gaji Rofik | K160: 600000 | L160: =L159+J160-K160 -> 8332000
A161: =A160+1 -> 153 | B161: 46082 | C161: =MONTH(B161) -> 3 | D161: 5 | E161: 3 | F161: 52 | G161: =IFERROR(VLOOKUP(F161,COA!$A$1:$K$26,2,FALSE),0) -> Biaya Gaji Marbot | H161: Gaji Marbot | K161: 750000 | L161: =L160+J161-K161 -> 7582000
A162: =A161+1 -> 154 | B162: 46082 | C162: =MONTH(B162) -> 3 | D162: 5 | E162: 3 | F162: 51 | G162: =IFERROR(VLOOKUP(F162,COA!$A$1:$K$26,2,FALSE),0) -> Biaya Gaji Sampah | H162: Gaji Pak Santok | K162: 850000 | L162: =L161+J162-K162 -> 6732000
A163: =A162+1 -> 155 | B163: 46082 | C163: =MONTH(B163) -> 3 | D163: 5 | E163: 4 | F163: 40 | G163: =IFERROR(VLOOKUP(F163,COA!$A$1:$K$26,2,FALSE),0) -> Penerimaan Iuran Warga | I163: A-34 | J163: 100000 | L163: =L162+J163-K163 -> 6832000
A164: =A163+1 -> 156 | B164: 46083 | C164: =MONTH(B164) -> 3 | D164: 5 | E164: 1 | F164: 40 | G164: =IFERROR(VLOOKUP(F164,COA!$A$1:$K$26,2,FALSE),0) -> Penerimaan Iuran Warga | I164: A-23 | J164: 100000 | L164: =L163+J164-K164 -> 6932000
A165: =A164+1 -> 157 | B165: 46083 | C165: =MONTH(B165) -> 3 | D165: 5 | E165: 2 | F165: 40 | G165: =IFERROR(VLOOKUP(F165,COA!$A$1:$K$26,2,FALSE),0) -> Penerimaan Iuran Warga | I165: A-23 | J165: 100000 | L165: =L164+J165-K165 -> 7032000
A166: =A165+1 -> 158 | B166: 46083 | C166: =MONTH(B166) -> 3 | D166: 5 | E166: 3 | F166: 40 | G166: =IFERROR(VLOOKUP(F166,COA!$A$1:$K$26,2,FALSE),0) -> Penerimaan Iuran Warga | I166: A-23 | J166: 100000 | L166: =L165+J166-K166 -> 7132000
A167: =A166+1 -> 159 | B167: 46083 | C167: =MONTH(B167) -> 3 | D167: 5 | E167: 4 | F167: 40 | G167: =IFERROR(VLOOKUP(F167,COA!$A$1:$K$26,2,FALSE),0) -> Penerimaan Iuran Warga | I167: A-23 | J167: 100000 | L167: =L166+J167-K167 -> 7232000
A168: =A167+1 -> 160 | B168: 46083 | C168: =MONTH(B168) -> 3 | D168: 5 | E168: 5 | F168: 40 | G168: =IFERROR(VLOOKUP(F168,COA!$A$1:$K$26,2,FALSE),0) -> Penerimaan Iuran Warga | I168: A-23 | J168: 100000 | L168: =L167+J168-K168 -> 7332000
A169: =A168+1 -> 161 | B169: 46083 | C169: =MONTH(B169) -> 3 | D169: 5 | E169: 6 | F169: 20 | G169: =IFERROR(VLOOKUP(F169,COA!$A$1:$K$26,2,FALSE),0) -> Iuran Warga Diterima di muka | I169: A-23 | J169: 100000 | L169: =L168+J169-K169 -> 7432000
A170: =A169+1 -> 162 | B170: 46083 | C170: =MONTH(B170) -> 3 | D170: 5 | E170: 7 | F170: 20 | G170: =IFERROR(VLOOKUP(F170,COA!$A$1:$K$26,2,FALSE),0) -> Iuran Warga Diterima di muka | I170: A-23 | J170: 100000 | L170: =L169+J170-K170 -> 7532000
A171: =A170+1 -> 163 | B171: 46083 | C171: =MONTH(B171) -> 3 | D171: 5 | E171: 8 | F171: 20 | G171: =IFERROR(VLOOKUP(F171,COA!$A$1:$K$26,2,FALSE),0) -> Iuran Warga Diterima di muka | I171: A-23 | J171: 100000 | L171: =L170+J171-K171 -> 7632000
A172: =A171+1 -> 164 | B172: 46083 | C172: =MONTH(B172) -> 3 | D172: 5 | E172: 9 | F172: 20 | G172: =IFERROR(VLOOKUP(F172,COA!$A$1:$K$26,2,FALSE),0) -> Iuran Warga Diterima di muka | I172: A-23 | J172: 100000 | L172: =L171+J172-K172 -> 7732000
A173: =A172+1 -> 165 | B173: 46083 | C173: =MONTH(B173) -> 3 | D173: 5 | E173: 10 | F173: 20 | G173: =IFERROR(VLOOKUP(F173,COA!$A$1:$K$26,2,FALSE),0) -> Iuran Warga Diterima di muka | I173: A-23 | J173: 100000 | L173: =L172+J173-K173 -> 7832000
A174: =A173+1 -> 166 | B174: 46083 | C174: =MONTH(B174) -> 3 | D174: 5 | E174: 11 | F174: 20 | G174: =IFERROR(VLOOKUP(F174,COA!$A$1:$K$26,2,FALSE),0) -> Iuran Warga Diterima di muka | I174: A-23 | J174: 100000 | L174: =L173+J174-K174 -> 7932000
... A186: =A185+1 -> 178 | B186: 46086 | C186: =MONTH(B186) -> 3 | D186: 5 | E186: 2 | F186: 40 | G186: =IFERROR(VLOOKUP(F186,COA!$A$1:$K$26,2,FALSE),0) -> Penerimaan Iuran Warga | I186: B-33 | J186: 100000 | L186: =L185+J186-K186 -> 9222000
A187: =A186+1 -> 179 | B187: 46091 | C187: =MONTH(B187) -> 3 | D187: 5 | E187: 3 | F187: 53 | G187: =IFERROR(VLOOKUP(F187,COA!$A$1:$K$26,2,FALSE),0) -> Biaya THR | H187: THR Mas Haidir | K187: 1100000 | L187: =L186+J187-K187 -> 8122000
A188: =A187+1 -> 180 | B188: 46091 | C188: =MONTH(B188) -> 3 | D188: 5 | E188: 3 | F188: 53 | G188: =IFERROR(VLOOKUP(F188,COA!$A$1:$K$26,2,FALSE),0) -> Biaya THR | H188: THR Mas Saiful | K188: 1100000 | L188: =L187+J188-K188 -> 7022000
A189: =A188+1 -> 181 | B189: 46091 | C189: =MONTH(B189) -> 3 | D189: 5 | E189: 3 | F189: 53 | G189: =IFERROR(VLOOKUP(F189,COA!$A$1:$K$26,2,FALSE),0) -> Biaya THR | H189: THR Rofik | K189: 500000 | L189: =L188+J189-K189 -> 6522000
A190: =A189+1 -> 182 | B190: 46091 | C190: =MONTH(B190) -> 3 | D190: 5 | E190: 3 | F190: 53 | G190: =IFERROR(VLOOKUP(F190,COA!$A$1:$K$26,2,FALSE),0) -> Biaya THR | H190: THR Pak Santok | K190: 850000 | L190: =L189+J190-K190 -> 5672000
A191: =A190+1 -> 183 | B191: 46091 | C191: =MONTH(B191) -> 3 | D191: 5 | E191: 3 | F191: 60 | G191: =IFERROR(VLOOKUP(F191,COA!$A$1:$K$26,2,FALSE),0) -> Biaya Logistik Satpam dan Musholla | H191: Uang sahur satpam dan marbot | K191: 450000 | L191: =L190+J191-K191 -> 5222000
...

Sheet COA
A1: 10 | B1: Kas dan Bank
A2: 11 | B2: Kas Kecil
A3: 12 | B3: Piutang Pembayaran Gaji
A4: 13 | B4: Piutang Lain-Lain
A5: 20 | B5: Iuran Warga Diterima di muka
A6: 21 | B6: Hutang lain-Lain
A7: 40 | B7: Penerimaan Iuran Warga
A8: 41 | B8: Penerimaan Lain-Lain
A9: 50 | B9: Biaya Gaji Satpam
A10: 51 | B10: Biaya Gaji Sampah
A11: 52 | B11: Biaya Gaji Marbot
A12: 53 | B12: Biaya THR
... A20: 61 | B20: Biaya Lain-Lain

Sheet LR BLN
A1: Paguyuban Puri Bunga 2 | N1: 5 | P1: 1 | Q1: JANUARI | S1: -965500 | T1: √
A2: Laporan Kinerja Keuangan Tahun 2026 | P2: 2 | Q2: FEBRUARI | S2: 663000
A3: ="PERIODE "&VLOOKUP(N1,P1:Q12,2,FALSE) -> PERIODE MEI | P3: 3 | Q3: MARET | S3: -6385000 | T3: √
A4: ="Bulan "&VLOOKUP(N1,P1:Q12,2,FALSE) -> Bulan MEI | P4: 4 | Q4: APRIL | S4: 4680000 | T4: √
A5: Penerimaan | P5: 5 | Q5: MEI | S5: =L29 -> 373700 | T5: √
A6: 40 | B6: Penerimaan Iuran Warga | J6: =SUMIFS(JURNAL_26!$J$9:$J$1764,JURNAL_26!$C$9:$C$1764,'LR BLN'!$N$1,JURNAL_26!$G$9:$G$1764,'LR BLN'!B6) -> 6310000 | P6: 6 | Q6: JUNI | T6: √
A7: 41 | B7: Penerimaan Lain-Lain | J7: =SUMIFS(JURNAL_26!$J$9:$J$1764,JURNAL_26!$C$9:$C$1764,'LR BLN'!$N$1,JURNAL_26!$G$9:$G$1764,'LR BLN'!B7) -> 100000 | P7: 7 | Q7: JULI | T7: √
J8: =SUMIFS(JURNAL_26!$J$9:$J$1764,JURNAL_26!$C$9:$C$1764,'LR BLN'!$N$1,JURNAL_26!$G$9:$G$1764,'LR BLN'!B8) -> 0 | P8: 8 | Q8: AGUSTUS | T8: √
J9: =SUMIFS(JURNAL_26!$J$9:$J$1764,JURNAL_26!$C$9:$C$1764,'LR BLN'!$N$1,JURNAL_26!$G$9:$G$1764,'LR BLN'!B9) -> 0 | P9: 9 | Q9: SEPTEMBER | T9: √
L10: =SUM(J6:K9) -> 6410000 | P10: 10 | Q10: OKTOBER | T10: √
P11: 11 | Q11: NOPEMBER | T11: √
A12: Pengeluaran | P12: 12 | Q12: DESEMBER
A13: 50 | B13: Biaya Gaji Satpam | J13: =SUMIFS(JURNAL_26!$K$9:$K$1764,JURNAL_26!$C$9:$C$1764,'LR BLN'!$N$1,JURNAL_26!$G$9:$G$1764,'LR BLN'!B13) -> 3030000 | S13: =SUM(S1:S12) -> -1633800
A14: 51 | B14: Biaya Gaji Sampah | J14: =SUMIFS(JURNAL_26!$K$9:$K$1764,JURNAL_26!$C$9:$C$1764,'LR BLN'!$N$1,JURNAL_26!$G$9:$G$1764,'LR BLN'!B14) -> 900000
A15: 52 | B15: Biaya Gaji Marbot | J15: =SUMIFS(JURNAL_26!$K$9:$K$1764,JURNAL_26!$C$9:$C$1764,'LR BLN'!$N$1,JURNAL_26!$G$9:$G$1764,'LR BLN'!B15) -> 750000
A16: 53 | B16: Biaya THR | J16: =SUMIFS(JURNAL_26!$K$9:$K$1764,JURNAL_26!$C$9:$C$1764,'LR BLN'!$N$1,JURNAL_26!$G$9:$G$1764,'LR BLN'!B16) -> 0
A17: 54 | B17: Biaya Listrik | J17: =SUMIFS(JURNAL_26!$K$9:$K$1764,JURNAL_26!$C$9:$C$1764,'LR BLN'!$N$1,JURNAL_26!$G$9:$G$1764,'LR BLN'!B17) -> 39648
A18: 55 | B18: Biaya PDAM | J18: =SUMIFS(JURNAL_26!$K$9:$K$1764,JURNAL_26!$C$9:$C$1764,'LR BLN'!$N$1,JURNAL_26!$G$9:$G$1764,'LR BLN'!B18) -> 12000
A19: 56 | B19: Biaya WIFI Pos Jaga | J19: =SUMIFS(JURNAL_26!$K$9:$K$1764,JURNAL_26!$C$9:$C$1764,'LR BLN'!$N$1,JURNAL_26!$G$9:$G$1764,'LR BLN'!B19) -> 1070000
A20: 57 | B20: Biaya Kebersihan | J20: =SUMIFS(JURNAL_26!$K$9:$K$1764,JURNAL_26!$C$9:$C$1764,'LR BLN'!$N$1,JURNAL_26!$G$9:$G$1764,'LR BLN'!B20) -> 0
A21: 58 | B21: Biaya adm bank | J21: =SUMIFS(JURNAL_26!$K$9:$K$1764,JURNAL_26!$C$9:$C$1764,'LR BLN'!$N$1,JURNAL_26!$G$9:$G$1764,'LR BLN'!B21) -> 15652
A22: 59 | B22: Biaya iuran RT | J22: =SUMIFS(JURNAL_26!$K$9:$K$1764,JURNAL_26!$C$9:$C$1764,'LR BLN'!$N$1,JURNAL_26!$G$9:$G$1764,'LR BLN'!B22) -> 0
A23: 60 | B23: Biaya Logistik Satpam dan Musholla | J23: =SUMIFS(JURNAL_26!$K$9:$K$1764,JURNAL_26!$C$9:$C$1764,'LR BLN'!$N$1,JURNAL_26!$G$9:$G$1764,'LR BLN'!B23) -> 219000
A24: 61 | B24: Biaya Lain-Lain | J24: =SUMIFS(JURNAL_26!$K$9:$K$1764,JURNAL_26!$C$9:$C$1764,'LR BLN'!$N$1,JURNAL_26!$G$9:$G$1764,'LR BLN'!B24) -> 0
A27: - | B27: Total Pengeluaran | L27: =SUM(J13:K26) -> 6036300
A29: Surplus /Devisit | L29: =L10-L27 -> 373700
J32: Malang, Mei 2026
J33: Disusun Oleh
J38: Andrianto Budiaji

Sheet LR YTD
A1: ='LR BLN'!A1:M1 -> Paguyuban Puri Bunga 2 | N1: ='LR BLN'!N1 -> 5
A2: Laporan Kinerja Keuangan Tahun 2026
A3: ="1 JANUARI s.d. 31 "&VLOOKUP(N1,N3:O14,2,FALSE) -> 1 JANUARI s.d. 31 MEI | N3: 1 | O3: JANUARI
N4: 2 | O4: FEBRUARI
A5: Penerimaan | N5: 3 | O5: MARET
A6: 40 | B6: Penerimaan Iuran Warga | J6: =SUMIFS(JURNAL_26!$J$9:$J$1764,JURNAL_26!$D$9:$D$1764,'LR BLN'!$N$1,JURNAL_26!$G$9:$G$1764,'LR BLN'!B6) -> 27810000 | N6: 4 | O6: APRIL
A7: 41 | B7: Penerimaan Lain-Lain | J7: =SUMIFS(JURNAL_26!$J$9:$J$1764,JURNAL_26!$D$9:$D$1764,'LR BLN'!$N$1,JURNAL_26!$G$9:$G$1764,'LR BLN'!B7) -> 420000 | N7: 5 | O7: MEI
J8: =SUMIFS(JURNAL_26!$J$9:$J$1764,JURNAL_26!$D$9:$D$1764,'LR BLN'!$N$1,JURNAL_26!$G$9:$G$1764,'LR BLN'!B8) -> 0 | N8: 6 | O8: JUNI
J9: =SUMIFS(JURNAL_26!$J$9:$J$1764,JURNAL_26!$D$9:$D$1764,'LR BLN'!$N$1,JURNAL_26!$G$9:$G$1764,'LR BLN'!B9) -> 0 | N9: 7 | O9: JULI
L10: =SUM(J6:K9) -> 28230000 | N10: 8 | O10: AGUSTUS
N11: 9 | O11: SEPTEMBER
A12: Pengeluaran | N12: 10 | O12: OKTOBER
A13: 50 | B13: Biaya Gaji Satpam | J13: =SUMIFS(JURNAL_26!$K$9:$K$1764,JURNAL_26!$D$9:$D$1764,'LR BLN'!$N$1,JURNAL_26!$G$9:$G$1764,'LR BLN'!B13) -> 13028500 | N13: 11 | O13: NOPEMBER
A14: 51 | B14: Biaya Gaji Sampah | J14: =SUMIFS(JURNAL_26!$K$9:$K$1764,JURNAL_26!$D$9:$D$1764,'LR BLN'!$N$1,JURNAL_26!$G$9:$G$1764,'LR BLN'!B14) -> 3450000 | N14: 12 | O14: DESEMBER
A15: 52 | B15: Biaya Gaji Marbot | J15: =SUMIFS(JURNAL_26!$K$9:$K$1764,JURNAL_26!$D$9:$D$1764,'LR BLN'!$N$1,JURNAL_26!$G$9:$G$1764,'LR BLN'!B15) -> 3000000
A16: 53 | B16: Biaya THR | J16: =SUMIFS(JURNAL_26!$K$9:$K$1764,JURNAL_26!$D$9:$D$1764,'LR BLN'!$N$1,JURNAL_26!$G$9:$G$1764,'LR BLN'!B16) -> 3550000
A17: 54 | B17: Biaya Listrik | J17: =SUMIFS(JURNAL_26!$K$9:$K$1764,JURNAL_26!$D$9:$D$1764,'LR BLN'!$N$1,JURNAL_26!$G$9:$G$1764,'LR BLN'!B17) -> 39648
A18: 55 | B18: Biaya PDAM | J18: =SUMIFS(JURNAL_26!$K$9:$K$1764,JURNAL_26!$D$9:$D$1764,'LR BLN'!$N$1,JURNAL_26!$G$9:$G$1764,'LR BLN'!B18) -> 12000
A19: 56 | B19: Biaya WIFI Pos Jaga | J19: =SUMIFS(JURNAL_26!$K$9:$K$1764,JURNAL_26!$D$9:$D$1764,'LR BLN'!$N$1,JURNAL_26!$G$9:$G$1764,'LR BLN'!B19) -> 1300000
A20: 57 | B20: Biaya Kebersihan | J20: =SUMIFS(JURNAL_26!$K$9:$K$1764,JURNAL_26!$D$9:$D$1764,'LR BLN'!$N$1,JURNAL_26!$G$9:$G$1764,'LR BLN'!B20) -> 0
A21: 58 | B21: Biaya adm bank | J21: =SUMIFS(JURNAL_26!$K$9:$K$1764,JURNAL_26!$D$9:$D$1764,'LR BLN'!$N$1,JURNAL_26!$G$9:$G$1764,'LR BLN'!B21) -> 15652
A22: 59 | B22: Biaya iuran RT | J22: =SUMIFS(JURNAL_26!$K$9:$K$1764,JURNAL_26!$D$9:$D$1764,'LR BLN'!$N$1,JURNAL_26!$G$9:$G$1764,'LR BLN'!B22) -> 1500000
A23: 60 | B23: Biaya Logistik Satpam dan Musholla | J23: =SUMIFS(JURNAL_26!$K$9:$K$1764,JURNAL_26!$D$9:$D$1764,'LR BLN'!$N$1,JURNAL_26!$G$9:$G$1764,'LR BLN'!B23) -> 3968000
A24: 61 | B24: Biaya Lain-Lain | J24: =SUMIFS(JURNAL_26!$K$9:$K$1764,JURNAL_26!$D$9:$D$1764,'LR BLN'!$N$1,JURNAL_26!$G$9:$G$1764,'LR BLN'!B24) -> 0
A27: - | B27: Total Pengeluaran | L27: =SUM(J13:K26) -> 29863800
O28: saldo awal tahun | Q28: Neraca | R28: Kas Seharusnya | S28: Saldo kas | T28: Selisih
A29: Surplus /Devisit | L29: =L10-L27 -> -1633800 | O29: =JURNAL_26!L8 -> 8260500 | Q29: ='LAP KAS YTD'!N33 -> 6500000 | R29: =L29+O29+Q29 -> 13126700 | S29: ='LAP KAS BLN'!N38 -> 13126700 | T29: =S29-R29 -> 0
J31: Malang, Mei 2026
J32: Disusun Oleh
J37: Andrianto Budiaji

Sheet LAP KAS BLN
A1: ='LR BLN'!A1:M1 -> Paguyuban Puri Bunga 2 | Q1: ='LR BLN'!N1 -> 5
A2: Laporan Kas Tahun 2026 | U2: otomatis | V2: manual N31
A3: ="BULAN "&VLOOKUP(Q1,Q4:R15,2,FALSE) -> BULAN MEI | T3: SALDO AWAL | U3: LABA/RUGI | V3: NERACA | W3: SALDO AKHIR
A4: ="Per 30 "&VLOOKUP(Q1,$Q$4:$R$15,2,FALSE) -> Per 30 MEI | Q4: 1 | R4: JANUARI | T4: =JURNAL_26!L8 -> 8260500 | U4: ='LR BLN'!S1 -> -965500 | V4: 900000 | W4: =T4+U4+V4 -> 8195000
A5: Kas Kegiatan Operasional | J5: DR | L5: CR | N5: SALDO | Q5: 2 | R5: FEBRUARI | T5: =W4 -> 8195000 | U5: ='LR BLN'!S2 -> 663000 | V5: 2700000 | W5: =T5+U5+V5 -> 11558000
Q6: 3 | R6: MARET | T6: =W5 -> 11558000 | U6: ='LR BLN'!S3 -> -6385000 | V6: 700000 | W6: =T6+U6+V6 -> 5873000
A7: 40 | B7: Penerimaan Iuran Warga | J7: =SUMIFS(JURNAL_26!$J$9:$J$1764,JURNAL_26!$C$9:$C$1764,$Q$1,JURNAL_26!$G$9:$G$1764,B7) -> 6310000 | L7: =SUMIFS(JURNAL_26!$K$9:$K$1764,JURNAL_26!$C$9:$C$1764,$Q$1,JURNAL_26!$G$9:$G$1764,B7) -> 0 | Q7: 4 | R7: APRIL | T7: =W6 -> 5873000 | U7: ='LR BLN'!S4 -> 4680000 | V7: 1400000 | W7: =T7+U7+V7 -> 11953000
A8: 41 | B8: Penerimaan Lain-Lain | J8: =SUMIFS(JURNAL_26!$J$9:$J$1764,JURNAL_26!$C$9:$C$1764,$Q$1,JURNAL_26!$G$9:$G$1764,B8) -> 100000 | L8: =SUMIFS(JURNAL_26!$K$9:$K$1764,JURNAL_26!$C$9:$C$1764,$Q$1,JURNAL_26!$G$9:$G$1764,B8) -> 0 | Q8: 5 | R8: MEI | T8: =W7 -> 11953000 | U8: ='LR BLN'!S5 -> 373700 | V8: =N33 -> 800000 | W8: =T8+U8+V8 -> 13126700
A9: 50 | B9: Biaya Gaji Satpam | J9: =SUMIFS(JURNAL_26!$J$9:$J$1764,JURNAL_26!$C$9:$C$1764,$Q$1,JURNAL_26!$G$9:$G$1764,B9) -> 0 | L9: =SUMIFS(JURNAL_26!$K$9:$K$1764,JURNAL_26!$C$9:$C$1764,$Q$1,JURNAL_26!$G$9:$G$1764,B9) -> 3030000 | Q9: 6 | R9: JUNI | T9: =W8 -> 13126700 | U9: ='LR BLN'!S6 -> 0 | W9: =T9+U9+V9 -> 13126700
A10: 51 | B10: Biaya Gaji Sampah | J10: =SUMIFS(JURNAL_26!$J$9:$J$1764,JURNAL_26!$C$9:$C$1764,$Q$1,JURNAL_26!$G$9:$G$1764,B10) -> 0 | L10: =SUMIFS(JURNAL_26!$K$9:$K$1764,JURNAL_26!$C$9:$C$1764,$Q$1,JURNAL_26!$G$9:$G$1764,B10) -> 900000 | Q10: 7 | R10: JULI | T10: =W9 -> 13126700 | U10: ='LR BLN'!S7 -> 0 | W10: =T10+U10+V10 -> 13126700
A11: 52 | B11: Biaya Gaji Marbot | J11: =SUMIFS(JURNAL_26!$J$9:$J$1764,JURNAL_26!$C$9:$C$1764,$Q$1,JURNAL_26!$G$9:$G$1764,B11) -> 0 | L11: =SUMIFS(JURNAL_26!$K$9:$K$1764,JURNAL_26!$C$9:$C$1764,$Q$1,JURNAL_26!$G$9:$G$1764,B11) -> 750000 | Q11: 8 | R11: AGUSTUS | T11: =W10 -> 13126700 | U11: ='LR BLN'!S8 -> 0 | W11: =T11+U11+V11 -> 13126700
A12: 53 | B12: Biaya THR | J12: =SUMIFS(JURNAL_26!$J$9:$J$1764,JURNAL_26!$C$9:$C$1764,$Q$1,JURNAL_26!$G$9:$G$1764,B12) -> 0 | L12: =SUMIFS(JURNAL_26!$K$9:$K$1764,JURNAL_26!$C$9:$C$1764,$Q$1,JURNAL_26!$G$9:$G$1764,B12) -> 0 | Q12: 9 | R12: SEPTEMBER | T12: =W11 -> 13126700 | U12: ='LR BLN'!S9 -> 0 | W12: =T12+U12+V12 -> 13126700
A13: 54 | B13: Biaya Listrik | J13: =SUMIFS(JURNAL_26!$J$9:$J$1764,JURNAL_26!$C$9:$C$1764,$Q$1,JURNAL_26!$G$9:$G$1764,B13) -> 0 | L13: =SUMIFS(JURNAL_26!$K$9:$K$1764,JURNAL_26!$C$9:$C$1764,$Q$1,JURNAL_26!$G$9:$G$1764,B13) -> 39648 | Q13: 10 | R13: OKTOBER | T13: =W12 -> 13126700 | U13: ='LR BLN'!S10 -> 0 | W13: =T13+U13+V13 -> 13126700
A14: 55 | B14: Biaya PDAM | J14: =SUMIFS(JURNAL_26!$J$9:$J$1764,JURNAL_26!$C$9:$C$1764,$Q$1,JURNAL_26!$G$9:$G$1764,B14) -> 0 | L14: =SUMIFS(JURNAL_26!$K$9:$K$1764,JURNAL_26!$C$9:$C$1764,$Q$1,JURNAL_26!$G$9:$G$1764,B14) -> 12000 | Q14: 11 | R14: NOPEMBER | T14: =W13 -> 13126700 | U14: ='LR BLN'!S11 -> 0 | W14: =T14+U14+V14 -> 13126700
A15: 56 | B15: Biaya WIFI Pos Jaga | J15: =SUMIFS(JURNAL_26!$J$9:$J$1764,JURNAL_26!$C$9:$C$1764,$Q$1,JURNAL_26!$G$9:$G$1764,B15) -> 0 | L15: =SUMIFS(JURNAL_26!$K$9:$K$1764,JURNAL_26!$C$9:$C$1764,$Q$1,JURNAL_26!$G$9:$G$1764,B15) -> 1070000 | Q15: 12 | R15: DESEMBER | T15: =W14 -> 13126700 | U15: ='LR BLN'!S12 -> 0 | W15: =T15+U15+V15 -> 13126700
A16: 57 | B16: Biaya Kebersihan | J16: =SUMIFS(JURNAL_26!$J$9:$J$1764,JURNAL_26!$C$9:$C$1764,$Q$1,JURNAL_26!$G$9:$G$1764,B16) -> 0 | L16: =SUMIFS(JURNAL_26!$K$9:$K$1764,JURNAL_26!$C$9:$C$1764,$Q$1,JURNAL_26!$G$9:$G$1764,B16) -> 0 | U16: =SUM(U4:U15) -> -1633800 | V16: =SUM(V4:V15) -> 6500000
A17: 58 | B17: Biaya adm bank | J17: =SUMIFS(JURNAL_26!$J$9:$J$1764,JURNAL_26!$C$9:$C$1764,$Q$1,JURNAL_26!$G$9:$G$1764,B17) -> 0 | L17: =SUMIFS(JURNAL_26!$K$9:$K$1764,JURNAL_26!$C$9:$C$1764,$Q$1,JURNAL_26!$G$9:$G$1764,B17) -> 15652
A18: 59 | B18: Biaya iuran RT | J18: =SUMIFS(JURNAL_26!$J$9:$J$1764,JURNAL_26!$C$9:$C$1764,$Q$1,JURNAL_26!$G$9:$G$1764,B18) -> 0 | L18: =SUMIFS(JURNAL_26!$K$9:$K$1764,JURNAL_26!$C$9:$C$1764,$Q$1,JURNAL_26!$G$9:$G$1764,B18) -> 0
A19: 60 | B19: Biaya Logistik Satpam dan Musholla | J19: =SUMIFS(JURNAL_26!$J$9:$J$1764,JURNAL_26!$C$9:$C$1764,$Q$1,JURNAL_26!$G$9:$G$1764,B19) -> 0 | L19: =SUMIFS(JURNAL_26!$K$9:$K$1764,JURNAL_26!$C$9:$C$1764,$Q$1,JURNAL_26!$G$9:$G$1764,B19) -> 219000
A20: 61 | B20: Biaya Lain-Lain | J20: =SUMIFS(JURNAL_26!$J$9:$J$1764,JURNAL_26!$C$9:$C$1764,$Q$1,JURNAL_26!$G$9:$G$1764,B20) -> 0 | L20: =SUMIFS(JURNAL_26!$K$9:$K$1764,JURNAL_26!$C$9:$C$1764,$Q$1,JURNAL_26!$G$9:$G$1764,B20) -> 0
J21: =SUMIFS(JURNAL_26!$J$9:$J$1764,JURNAL_26!$C$9:$C$1764,$Q$1,JURNAL_26!$G$9:$G$1764,B21) -> 0 | L21: =SUMIFS(JURNAL_26!$K$9:$K$1764,JURNAL_26!$C$9:$C$1764,$Q$1,JURNAL_26!$G$9:$G$1764,B21) -> 0
J22: =SUMIFS(JURNAL_26!$J$9:$J$1764,JURNAL_26!$C$9:$C$1764,$Q$1,JURNAL_26!$G$9:$G$1764,B22) -> 0 | L22: =SUMIFS(JURNAL_26!$K$9:$K$1764,JURNAL_26!$C$9:$C$1764,$Q$1,JURNAL_26!$G$9:$G$1764,B22) -> 0
B23: Jumlah | J23: =SUM(J6:K22) -> 6410000 | L23: =SUM(L6:M22) -> 6036300 | N23: =J23-L23 -> 373700
A25: Kas Kegiatan Pembiayaan
A26: 10 | B26: Kas dan Bank | J26: =SUMIFS(JURNAL_26!$J$9:$J$1764,JURNAL_26!$C$9:$C$1764,$Q$1,JURNAL_26!$G$9:$G$1764,B26) -> 0 | L26: =SUMIFS(JURNAL_26!$K$9:$K$1764,JURNAL_26!$C$9:$C$1764,$Q$1,JURNAL_26!$G$9:$G$1764,B26) -> 0 | N26: =J26-L26 -> 0
A27: 11 | B27: Kas Kecil | J27: =SUMIFS(JURNAL_26!$J$9:$J$1764,JURNAL_26!$C$9:$C$1764,$Q$1,JURNAL_26!$G$9:$G$1764,B27) -> 0 | L27: =SUMIFS(JURNAL_26!$K$9:$K$1764,JURNAL_26!$C$9:$C$1764,$Q$1,JURNAL_26!$G$9:$G$1764,B27) -> 0 | N27: =J27-L27 -> 0
A28: 12 | B28: Piutang Pembayaran Gaji | J28: =SUMIFS(JURNAL_26!$J$9:$J$1764,JURNAL_26!$C$9:$C$1764,$Q$1,JURNAL_26!$G$9:$G$1764,B28) -> 500000 | L28: =SUMIFS(JURNAL_26!$K$9:$K$1764,JURNAL_26!$C$9:$C$1764,$Q$1,JURNAL_26!$G$9:$G$1764,B28) -> 0 | N28: =J28-L28 -> 500000
A29: 13 | B29: Piutang Lain-Lain | J29: =SUMIFS(JURNAL_26!$J$9:$J$1764,JURNAL_26!$C$9:$C$1764,$Q$1,JURNAL_26!$G$9:$G$1764,B29) -> 0 | L29: =SUMIFS(JURNAL_26!$K$9:$K$1764,JURNAL_26!$C$9:$C$1764,$Q$1,JURNAL_26!$G$9:$G$1764,B29) -> 0 | N29: =J29-L29 -> 0
A30: 20 | B30: Iuran Warga Diterima di muka | J30: =SUMIFS(JURNAL_26!$J$9:$J$1764,JURNAL_26!$C$9:$C$1764,$Q$1,JURNAL_26!$G$9:$G$1764,B30) -> 300000 | L30: =SUMIFS(JURNAL_26!$K$9:$K$1764,JURNAL_26!$C$9:$C$1764,$Q$1,JURNAL_26!$G$9:$G$1764,B30) -> 0 | N30: =J30-L30 -> 300000
A31: 21 | B31: Hutang lain-Lain | J31: =SUMIFS(JURNAL_26!$J$9:$J$1764,JURNAL_26!$C$9:$C$1764,$Q$1,JURNAL_26!$G$9:$G$1764,B31) -> 0 | L31: =SUMIFS(JURNAL_26!$K$9:$K$1764,JURNAL_26!$C$9:$C$1764,$Q$1,JURNAL_26!$G$9:$G$1764,B31) -> 0 | N31: =J31-L31 -> 0
B33: Jumlah | J33: =SUM(J26:K32) -> 800000 | L33: =SUM(L26:M32) -> 0 | N33: =J33-L33 -> 800000
A35: TOTAL KAS | N35: =N23+N33 -> 1173700
Q36: cek saldo awal | R36: LABA RUGI | S36: NERACA | T36: Saldo kas seharusnya | U36: Saldo kas real | V36: Selisih
A37: Saldo kas awal bulan | N37: =VLOOKUP(Q1,Q4:W15,4,FALSE) -> 11953000 | Q37: =T4 -> 8260500 | R37: ='LR YTD'!L29 -> -1633800 | S37: ='LAP KAS YTD'!N33 -> 6500000 | T37: =Q37+R37+S37 -> 13126700 | U37: =N38 -> 13126700 | V37: =T37-U37 -> 0
A38: Saldo kas akhir bulan | N38: =N35+N37 -> 13126700
K41: Malang, Mei 2026
K42: Disusun Oleh
K47: Andrianto Budiaji

Sheet LAP KAS YTD
A1: ='LR BLN'!A1:M1 -> Paguyuban Puri Bunga 2 | Q1: ='LR BLN'!N1 -> 5
A2: Laporan Kas Tahun 2026
A3: ="JANUARI S.D. BULAN "&VLOOKUP(Q1,Q4:R15,2,FALSE) -> JANUARI S.D. BULAN MEI
Q4: 1 | R4: JANUARI
A5: Kas Operasional | J5: DR | L5: CR | N5: SALDO | Q5: 2 | R5: FEBRUARI
Q6: 3 | R6: MARET
A7: 40 | B7: Penerimaan Iuran Warga | J7: =SUMIFS(JURNAL_26!$J$9:$J$1764,JURNAL_26!$D$9:$D$1764,$Q$1,JURNAL_26!$G$9:$G$1764,B7) -> 27810000 | L7: =SUMIFS(JURNAL_26!$K$9:$K$1764,JURNAL_26!$D$9:$D$1764,$Q$1,JURNAL_26!$G$9:$G$1764,B7) -> 0 | Q7: 4 | R7: APRIL
A8: 41 | B8: Penerimaan Lain-Lain | J8: =SUMIFS(JURNAL_26!$J$9:$J$1764,JURNAL_26!$D$9:$D$1764,$Q$1,JURNAL_26!$G$9:$G$1764,B8) -> 420000 | L8: =SUMIFS(JURNAL_26!$K$9:$K$1764,JURNAL_26!$D$9:$D$1764,$Q$1,JURNAL_26!$G$9:$G$1764,B8) -> 0 | Q8: 5 | R8: MEI
A9: 50 | B9: Biaya Gaji Satpam | J9: =SUMIFS(JURNAL_26!$J$9:$J$1764,JURNAL_26!$D$9:$D$1764,$Q$1,JURNAL_26!$G$9:$G$1764,B9) -> 0 | L9: =SUMIFS(JURNAL_26!$K$9:$K$1764,JURNAL_26!$D$9:$D$1764,$Q$1,JURNAL_26!$G$9:$G$1764,B9) -> 13028500 | Q9: 6 | R9: JUNI
A10: 51 | B10: Biaya Gaji Sampah | J10: =SUMIFS(JURNAL_26!$J$9:$J$1764,JURNAL_26!$D$9:$D$1764,$Q$1,JURNAL_26!$G$9:$G$1764,B10) -> 0 | L10: =SUMIFS(JURNAL_26!$K$9:$K$1764,JURNAL_26!$D$9:$D$1764,$Q$1,JURNAL_26!$G$9:$G$1764,B10) -> 3450000 | Q10: 7 | R10: JULI
A11: 52 | B11: Biaya Gaji Marbot | J11: =SUMIFS(JURNAL_26!$J$9:$J$1764,JURNAL_26!$D$9:$D$1764,$Q$1,JURNAL_26!$G$9:$G$1764,B11) -> 0 | L11: =SUMIFS(JURNAL_26!$K$9:$K$1764,JURNAL_26!$D$9:$D$1764,$Q$1,JURNAL_26!$G$9:$G$1764,B11) -> 3000000 | Q11: 8 | R11: AGUSTUS
A12: 53 | B12: Biaya THR | J12: =SUMIFS(JURNAL_26!$J$9:$J$1764,JURNAL_26!$D$9:$D$1764,$Q$1,JURNAL_26!$G$9:$G$1764,B12) -> 0 | L12: =SUMIFS(JURNAL_26!$K$9:$K$1764,JURNAL_26!$D$9:$D$1764,$Q$1,JURNAL_26!$G$9:$G$1764,B12) -> 3550000 | Q12: 9 | R12: SEPTEMBER
A13: 54 | B13: Biaya Listrik | J13: =SUMIFS(JURNAL_26!$J$9:$J$1764,JURNAL_26!$D$9:$D$1764,$Q$1,JURNAL_26!$G$9:$G$1764,B13) -> 0 | L13: =SUMIFS(JURNAL_26!$K$9:$K$1764,JURNAL_26!$D$9:$D$1764,$Q$1,JURNAL_26!$G$9:$G$1764,B13) -> 39648 | Q13: 10 | R13: OKTOBER
A14: 55 | B14: Biaya PDAM | J14: =SUMIFS(JURNAL_26!$J$9:$J$1764,JURNAL_26!$D$9:$D$1764,$Q$1,JURNAL_26!$G$9:$G$1764,B14) -> 0 | L14: =SUMIFS(JURNAL_26!$K$9:$K$1764,JURNAL_26!$D$9:$D$1764,$Q$1,JURNAL_26!$G$9:$G$1764,B14) -> 12000 | Q14: 11 | R14: NOPEMBER
A15: 56 | B15: Biaya WIFI Pos Jaga | J15: =SUMIFS(JURNAL_26!$J$9:$J$1764,JURNAL_26!$D$9:$D$1764,$Q$1,JURNAL_26!$G$9:$G$1764,B15) -> 0 | L15: =SUMIFS(JURNAL_26!$K$9:$K$1764,JURNAL_26!$D$9:$D$1764,$Q$1,JURNAL_26!$G$9:$G$1764,B15) -> 1300000 | Q15: 12 | R15: DESEMBER
A16: 57 | B16: Biaya Kebersihan | J16: =SUMIFS(JURNAL_26!$J$9:$J$1764,JURNAL_26!$D$9:$D$1764,$Q$1,JURNAL_26!$G$9:$G$1764,B16) -> 0 | L16: =SUMIFS(JURNAL_26!$K$9:$K$1764,JURNAL_26!$D$9:$D$1764,$Q$1,JURNAL_26!$G$9:$G$1764,B16) -> 0
A17: 58 | B17: Biaya adm bank | J17: =SUMIFS(JURNAL_26!$J$9:$J$1764,JURNAL_26!$D$9:$D$1764,$Q$1,JURNAL_26!$G$9:$G$1764,B17) -> 0 | L17: =SUMIFS(JURNAL_26!$K$9:$K$1764,JURNAL_26!$D$9:$D$1764,$Q$1,JURNAL_26!$G$9:$G$1764,B17) -> 15652
A18: 59 | B18: Biaya iuran RT | J18: =SUMIFS(JURNAL_26!$J$9:$J$1764,JURNAL_26!$D$9:$D$1764,$Q$1,JURNAL_26!$G$9:$G$1764,B18) -> 0 | L18: =SUMIFS(JURNAL_26!$K$9:$K$1764,JURNAL_26!$D$9:$D$1764,$Q$1,JURNAL_26!$G$9:$G$1764,B18) -> 1500000
A19: 60 | B19: Biaya Logistik Satpam dan Musholla | J19: =SUMIFS(JURNAL_26!$J$9:$J$1764,JURNAL_26!$D$9:$D$1764,$Q$1,JURNAL_26!$G$9:$G$1764,B19) -> 0 | L19: =SUMIFS(JURNAL_26!$K$9:$K$1764,JURNAL_26!$D$9:$D$1764,$Q$1,JURNAL_26!$G$9:$G$1764,B19) -> 3968000
A20: 61 | B20: Biaya Lain-Lain | J20: =SUMIFS(JURNAL_26!$J$9:$J$1764,JURNAL_26!$D$9:$D$1764,$Q$1,JURNAL_26!$G$9:$G$1764,B20) -> 0 | L20: =SUMIFS(JURNAL_26!$K$9:$K$1764,JURNAL_26!$D$9:$D$1764,$Q$1,JURNAL_26!$G$9:$G$1764,B20) -> 0
B23: Jumlah | J23: =SUM(J6:K22) -> 28230000 | L23: =SUM(L6:M22) -> 29863800 | N23: =J23-L23 -> -1633800
A25: Kenaikan dan Penurunan Kas
A26: 10 | B26: Kas dan Bank | J26: =SUMIFS(JURNAL_26!$J$9:$J$1764,JURNAL_26!$D$9:$D$1764,$Q$1,JURNAL_26!$G$9:$G$1764,B26) -> 0 | L26: =SUMIFS(JURNAL_26!$K$9:$K$1764,JURNAL_26!$D$9:$D$1764,$Q$1,JURNAL_26!$G$9:$G$1764,B26) -> 0 | N26: =J26-L26 -> 0
A27: 11 | B27: Kas Kecil | J27: =SUMIFS(JURNAL_26!$J$9:$J$1764,JURNAL_26!$D$9:$D$1764,$Q$1,JURNAL_26!$G$9:$G$1764,B27) -> 0 | L27: =SUMIFS(JURNAL_26!$K$9:$K$1764,JURNAL_26!$D$9:$D$1764,$Q$1,JURNAL_26!$G$9:$G$1764,B27) -> 0 | N27: =J27-L27 -> 0
A28: 12 | B28: Piutang Pembayaran Gaji | J28: =SUMIFS(JURNAL_26!$J$9:$J$1764,JURNAL_26!$D$9:$D$1764,$Q$1,JURNAL_26!$G$9:$G$1764,B28) -> 500000 | L28: =SUMIFS(JURNAL_26!$K$9:$K$1764,JURNAL_26!$D$9:$D$1764,$Q$1,JURNAL_26!$G$9:$G$1764,B28) -> 500000 | N28: =J28-L28 -> 0
A29: 13 | B29: Piutang Lain-Lain
A30: 20 | B30: Iuran Warga Diterima di muka | J30: =SUMIFS(JURNAL_26!$J$9:$J$1764,JURNAL_26!$D$9:$D$1764,$Q$1,JURNAL_26!$G$9:$G$1764,B30) -> 6500000 | L30: =SUMIFS(JURNAL_26!$K$9:$K$1764,JURNAL_26!$D$9:$D$1764,$Q$1,JURNAL_26!$G$9:$G$1764,B30) -> 0 | N30: =J30-L30 -> 6500000
A31: 21 | B31: Hutang lain-Lain | J31: =SUMIFS(JURNAL_26!$J$9:$J$1764,JURNAL_26!$D$9:$D$1764,$Q$1,JURNAL_26!$G$9:$G$1764,B31) -> 0 | L31: =SUMIFS(JURNAL_26!$K$9:$K$1764,JURNAL_26!$D$9:$D$1764,$Q$1,JURNAL_26!$G$9:$G$1764,B31) -> 0 | N31: =J31-L31 -> 0
B33: Jumlah | J33: =SUM(J26:K31) -> 7000000 | L33: =SUM(L26:M31) -> 500000 | N33: =J33-L33 -> 6500000
Q34: Saldo Awal | R34: LABA RUGI | S34: NERACA | T34: Saldo kas seharusnya | U34: Saldo kas real | V34: Selisih
A35: TOTAL KAS | N35: =N23+N33 -> 4866200 | Q35: ='LAP KAS BLN'!Q37 -> 8260500 | R35: ='LR YTD'!L29 -> -1633800 | S35: =N33 -> 6500000 | T35: =Q35+R35+S35 -> 13126700 | U35: =N38 -> 13126700 | V35: =T35-U35 -> 0
A37: Saldo kas awal tahun | N37: =Q35 -> 8260500 | Q37: Saldo di rek | R37: Saldo di kas | S37: Selisih
A38: Saldo kas akhir | N38: =N35+N37 -> 13126700 | Q38: =JURNAL_26!M404 -> 12622700 | R38: ='KAS KECIL'!L10 -> 504000 | S38: =N38-Q38-R38 -> 0
K42: Malang, Mei 2026
K43: Disusun Oleh
K48: Andrianto Budiaji

Sheet NRC YTD
A1: ='LR BLN'!A1:M1 -> Paguyuban Puri Bunga 2 | Q1: ='LR BLN'!N1 -> 5
A2: Laporan Posisi Keuangan Tahun 2026
A3: ="Per 30 "&VLOOKUP(Q1,$P$6:$Q$18,2,FALSE) -> Per 30 MEI
P4: 2026
A5: AKTIVA | F5: SALDO AWAL | H5: DR | J5: CR | L5: SALDO | Q5: Kas | S5: SALDO AWAL | T5: LABA/RUGI | U5: NERACA | V5: SALDO AKHIR | X5: =COA!B2 -> Kas Kecil | Z5: SALDO AWAL | AA5: Dr | AB5: Cr | AC5: SALDO AKHIR | AE5: =COA!B3 -> Piutang Pembayaran Gaji | AG5: SALDO AWAL | AH5: Dr | AI5: Cr | AJ5: SALDO AKHIR | AL5: =COA!B4 -> Piutang Lain-Lain | AN5: SALDO AWAL | AO5: Dr | AP5: Cr | AQ5: SALDO AKHIR
B6: Kas dan Bank | F6: =S6 -> 8260500 | H6: =SUMIFS(JURNAL_26!$J$9:$J$1764,JURNAL_26!$D$9:$D$1764,$Q$1,JURNAL_26!$G$9:$G$1764,B6) -> 0 | J6: =SUMIFS(JURNAL_26!$K$9:$K$1764,JURNAL_26!$D$9:$D$1764,$Q$1,JURNAL_26!$G$9:$G$1764,B6) -> 0 | L6: =VLOOKUP(Q1,$P$6:$V$18,7,FALSE) -> 13126700 | P6: 1 | Q6: JANUARI | S6: =JURNAL_26!L8 -> 8260500 | T6: ='LR BLN'!S1 -> -965500 | U6: ='LAP KAS BLN'!V4 -> 900000 | V6: =S6+T6+U6 -> 8195000 | W6: 1 | X6: JANUARI | Z6: 0 | AA6: =SUMIFS(JURNAL_26!$J$9:$J$1764,JURNAL_26!$C$9:$C$1764,W6,JURNAL_26!$G$9:$G$1764,$X$5) -> 0 | AB6: =SUMIFS(JURNAL_26!$K$9:$K$1764,JURNAL_26!$C$9:$C$1764,W6,JURNAL_26!$G$9:$G$1764,$X$5) -> 0 | AC6: =Z6+AB6-AA6 -> 0 | AD6: 1 | AE6: JANUARI | AG6: 0 | AH6: =SUMIFS(JURNAL_26!$J$9:$J$1764,JURNAL_26!$C$9:$C$1764,AD6,JURNAL_26!$G$9:$G$1764,$AE$5) -> 0 | AI6: =SUMIFS(JURNAL_26!$K$9:$K$1764,JURNAL_26!$C$9:$C$1764,AD6,JURNAL_26!$G$9:$G$1764,$AE$5) -> 0 | AJ6: =AG6+AI6-AH6 -> 0 | AK6: 1 | AL6: JANUARI | AN6: 0 | AO6: =SUMIFS(JURNAL_26!$J$9:$J$1764,JURNAL_26!$C$9:$C$1764,AK6,JURNAL_26!$G$9:$G$1764,$AL$5) -> 0 | AP6: =SUMIFS(JURNAL_26!$K$9:$K$1764,JURNAL_26!$C$9:$C$1764,AK6,JURNAL_26!$G$9:$G$1764,$AL$5) -> 0 | AQ6: =AN6+AP6-AO6 -> 0
B7: Kas Kecil | F7: 0 | H7: =SUMIFS(JURNAL_26!$J$9:$J$1764,JURNAL_26!$D$9:$D$1764,$Q$1,JURNAL_26!$G$9:$G$1764,B7) -> 0 | J7: =SUMIFS(JURNAL_26!$K$9:$K$1764,JURNAL_26!$D$9:$D$1764,$Q$1,JURNAL_26!$G$9:$G$1764,B7) -> 0 | L7: =F7+J7-H7 -> 0
B8: Piutang Pembayaran Gaji | F8: =Z6 -> 0 | H8: =SUMIFS(JURNAL_26!$J$9:$J$1764,JURNAL_26!$D$9:$D$1764,$Q$1,JURNAL_26!$G$9:$G$1764,B8) -> 500000 | J8: =SUMIFS(JURNAL_26!$K$9:$K$1764,JURNAL_26!$D$9:$D$1764,$Q$1,JURNAL_26!$G$9:$G$1764,B8) -> 500000 | L8: =F8+J8-H8 -> 0 | P8: 2 | Q8: FEBRUARI | S8: =V6 -> 8195000 | T8: ='LR BLN'!S2 -> 663000 | U8: ='LAP KAS BLN'!V5 -> 2700000 | V8: =S8+T8+U8 -> 11558000 | W8: 2 | X8: FEBRUARI | Z8: =AC6 -> 0 | AA8: =SUMIFS(JURNAL_26!$J$9:$J$1764,JURNAL_26!$C$9:$C$1764,W8,JURNAL_26!$G$9:$G$1764,$X$5) -> 0 | AB8: =SUMIFS(JURNAL_26!$K$9:$K$1764,JURNAL_26!$C$9:$C$1764,W8,JURNAL_26!$G$9:$G$1764,$X$5) -> 0 | AC8: =Z8+AB8-AA8 -> 0 | AD8: 2 | AE8: FEBRUARI | AG8: =AJ6 -> 0 | AH8: =SUMIFS(JURNAL_26!$J$9:$J$1764,JURNAL_26!$C$9:$C$1764,AD8,JURNAL_26!$G$9:$G$1764,$AE$5) -> 0 | AI8: =SUMIFS(JURNAL_26!$K$9:$K$1764,JURNAL_26!$C$9:$C$1764,AD8,JURNAL_26!$G$9:$G$1764,$AE$5) -> 0 | AJ8: =AG8+AI8-AH8 -> 0 | AK8: 2 | AL8: FEBRUARI | AN8: =AQ6 -> 0 | AO8: =SUMIFS(JURNAL_26!$J$9:$J$1764,JURNAL_26!$C$9:$C$1764,AK8,JURNAL_26!$G$9:$G$1764,$AL$5) -> 0 | AP8: =SUMIFS(JURNAL_26!$K$9:$K$1764,JURNAL_26!$C$9:$C$1764,AK8,JURNAL_26!$G$9:$G$1764,$AL$5) -> 0 | AQ8: =AN8+AP8-AO8 -> 0
B9: Piutang Lain-Lain | F9: =AG6 -> 0 | H9: =SUMIFS(JURNAL_26!$J$9:$J$1764,JURNAL_26!$D$9:$D$1764,$Q$1,JURNAL_26!$G$9:$G$1764,B9) -> 0 | J9: =SUMIFS(JURNAL_26!$K$9:$K$1764,JURNAL_26!$D$9:$D$1764,$Q$1,JURNAL_26!$G$9:$G$1764,B9) -> 0 | L9: =F9+J9-H9 -> 0 | P9: 3 | Q9: MARET | S9: =V8 -> 11558000 | T9: ='LR BLN'!S3 -> -6385000 | U9: ='LAP KAS BLN'!V6 -> 700000 | V9: =S9+T9+U9 -> 5873000 | W9: 3 | X9: MARET | Z9: =AC8 -> 0 | AA9: =SUMIFS(JURNAL_26!$J$9:$J$1764,JURNAL_26!$C$9:$C$1764,W9,JURNAL_26!$G$9:$G$1764,$X$5) -> 0 | AB9: =SUMIFS(JURNAL_26!$K$9:$K$1764,JURNAL_26!$C$9:$C$1764,W9,JURNAL_26!$G$9:$G$1764,$X$5) -> 0 | AC9: =Z9+AB9-AA9 -> 0 | AD9: 3 | AE9: MARET | AG9: =AJ8 -> 0 | AH9: =SUMIFS(JURNAL_26!$J$9:$J$1764,JURNAL_26!$C$9:$C$1764,AD9,JURNAL_26!$G$9:$G$1764,$AE$5) -> 0 | AI9: =SUMIFS(JURNAL_26!$K$9:$K$1764,JURNAL_26!$C$9:$C$1764,AD9,JURNAL_26!$G$9:$G$1764,$AE$5) -> 0 | AJ9: =AG9+AI9-AH9 -> 0 | AK9: 3 | AL9: MARET | AN9: =AQ8 -> 0 | AO9: =SUMIFS(JURNAL_26!$J$9:$J$1764,JURNAL_26!$C$9:$C$1764,AK9,JURNAL_26!$G$9:$G$1764,$AL$5) -> 0 | AP9: =SUMIFS(JURNAL_26!$K$9:$K$1764,JURNAL_26!$C$9:$C$1764,AK9,JURNAL_26!$G$9:$G$1764,$AL$5) -> 0 | AQ9: =AN9+AP9-AO9 -> 0
F10: =AN6 -> 0 | H10: =SUMIFS(JURNAL_26!$J$9:$J$1764,JURNAL_26!$D$9:$D$1764,$Q$1,JURNAL_26!$G$9:$G$1764,B10) -> 0 | J10: =SUMIFS(JURNAL_26!$K$9:$K$1764,JURNAL_26!$D$9:$D$1764,$Q$1,JURNAL_26!$G$9:$G$1764,B10) -> 0 | L10: =F10+J10-H10 -> 0 | P10: 4 | Q10: APRIL | S10: =V9 -> 5873000 | T10: ='LR BLN'!S4 -> 4680000 | U10: ='LAP KAS BLN'!V7 -> 1400000 | V10: =S10+T10+U10 -> 11953000 | W10: 4 | X10: APRIL | Z10: =AC9 -> 0 | AA10: =SUMIFS(JURNAL_26!$J$9:$J$1764,JURNAL_26!$C$9:$C$1764,W10,JURNAL_26!$G$9:$G$1764,$X$5) -> 0 | AB10: =SUMIFS(JURNAL_26!$K$9:$K$1764,JURNAL_26!$C$9:$C$1764,W10,JURNAL_26!$G$9:$G$1764,$X$5) -> 0 | AC10: =Z10+AB10-AA10 -> 0 | AD10: 4 | AE10: APRIL | AG10: =AJ9 -> 0 | AH10: =SUMIFS(JURNAL_26!$J$9:$J$1764,JURNAL_26!$C$9:$C$1764,AD10,JURNAL_26!$G$9:$G$1764,$AE$5) -> 0 | AI10: =SUMIFS(JURNAL_26!$K$9:$K$1764,JURNAL_26!$C$9:$C$1764,AD10,JURNAL_26!$G$9:$G$1764,$AE$5) -> 500000 | AJ10: =AG10+AI10-AH10 -> 500000 | AK10: 4 | AL10: APRIL | AN10: =AQ9 -> 0 | AO10: =SUMIFS(JURNAL_26!$J$9:$J$1764,JURNAL_26!$C$9:$C$1764,AK10,JURNAL_26!$G$9:$G$1764,$AL$5) -> 0 | AP10: =SUMIFS(JURNAL_26!$K$9:$K$1764,JURNAL_26!$C$9:$C$1764,AK10,JURNAL_26!$G$9:$G$1764,$AL$5) -> 0 | AQ10: =AN10+AP10-AO10 -> 0
B11: Jumlah | L11: =SUM(L6:M10) -> 13126700 | P11: 5 | Q11: MEI | S11: =V10 -> 11953000 | T11: ='LR BLN'!S5 -> 373700 | U11: ='LAP KAS BLN'!V8 -> 800000 | V11: =S11+T11+U11 -> 13126700 | W11: 5 | X11: MEI | Z11: =AC10 -> 0 | AA11: =SUMIFS(JURNAL_26!$J$9:$J$1764,JURNAL_26!$C$9:$C$1764,W11,JURNAL_26!$G$9:$G$1764,$X$5) -> 0 | AB11: =SUMIFS(JURNAL_26!$K$9:$K$1764,JURNAL_26!$C$9:$C$1764,W11,JURNAL_26!$G$9:$G$1764,$X$5) -> 0 | AC11: =Z11+AB11-AA11 -> 0 | AD11: 5 | AE11: MEI | AG11: =AJ10 -> 500000 | AH11: =SUMIFS(JURNAL_26!$J$9:$J$1764,JURNAL_26!$C$9:$C$1764,AD11,JURNAL_26!$G$9:$G$1764,$AE$5) -> 500000 | AI11: =SUMIFS(JURNAL_26!$K$9:$K$1764,JURNAL_26!$C$9:$C$1764,AD11,JURNAL_26!$G$9:$G$1764,$AE$5) -> 0 | AJ11: =AG11+AI11-AH11 -> 0 | AK11: 5 | AL11: MEI | AN11: =AQ10 -> 0 | AO11: =SUMIFS(JURNAL_26!$J$9:$J$1764,JURNAL_26!$C$9:$C$1764,AK11,JURNAL_26!$G$9:$G$1764,$AL$5) -> 0 | AP11: =SUMIFS(JURNAL_26!$K$9:$K$1764,JURNAL_26!$C$9:$C$1764,AK11,JURNAL_26!$G$9:$G$1764,$AL$5) -> 0 | AQ11: =AN11+AP11-AO11 -> 0
P12: 6 | Q12: JUNI | S12: =V11 -> 13126700 | T12: ='LR BLN'!S6 -> 0 | U12: ='LAP KAS BLN'!V9 -> 0 | V12: =S12+T12+U12 -> 13126700 | W12: 6 | X12: JUNI | Z12: =AC11 -> 0 | AA12: =SUMIFS(JURNAL_26!$J$9:$J$1764,JURNAL_26!$C$9:$C$1764,W12,JURNAL_26!$G$9:$G$1764,$X$5) -> 0 | AB12: =SUMIFS(JURNAL_26!$K$9:$K$1764,JURNAL_26!$C$9:$C$1764,W12,JURNAL_26!$G$9:$G$1764,$X$5) -> 0 | AC12: =Z12+AB12-AA12 -> 0 | AD12: 6 | AE12: JUNI | AG12: =AJ11 -> 0 | AH12: =SUMIFS(JURNAL_26!$J$9:$J$1764,JURNAL_26!$C$9:$C$1764,AD12,JURNAL_26!$G$9:$G$1764,$AE$5) -> 0 | AI12: =SUMIFS(JURNAL_26!$K$9:$K$1764,JURNAL_26!$C$9:$C$1764,AD12,JURNAL_26!$G$9:$G$1764,$AE$5) -> 0 | AJ12: =AG12+AI12-AH12 -> 0 | AK12: 6 | AL12: JUNI | AN12: =AQ11 -> 0 | AO12: =SUMIFS(JURNAL_26!$J$9:$J$1764,JURNAL_26!$C$9:$C$1764,AK12,JURNAL_26!$G$9:$G$1764,$AL$5) -> 0 | AP12: =SUMIFS(JURNAL_26!$K$9:$K$1764,JURNAL_26!$C$9:$C$1764,AK12,JURNAL_26!$G$9:$G$1764,$AL$5) -> 0 | AQ12: =AN12+AP12-AO12 -> 0
P13: 7 | Q13: JULI | S13: =V12 -> 13126700 | T13: ='LR BLN'!S7 -> 0 | U13: ='LAP KAS BLN'!V10 -> 0 | V13: =S13+T13+U13 -> 13126700 | W13: 7 | X13: JULI | Z13: =AC12 -> 0 | AA13: =SUMIFS(JURNAL_26!$J$9:$J$1764,JURNAL_26!$C$9:$C$1764,W13,JURNAL_26!$G$9:$G$1764,$X$5) -> 0 | AB13: =SUMIFS(JURNAL_26!$K$9:$K$1764,JURNAL_26!$C$9:$C$1764,W13,JURNAL_26!$G$9:$G$1764,$X$5) -> 0 | AC13: =Z13+AB13-AA13 -> 0 | AD13: 7 | AE13: JULI | AG13: =AJ12 -> 0 | AH13: =SUMIFS(JURNAL_26!$J$9:$J$1764,JURNAL_26!$C$9:$C$1764,AD13,JURNAL_26!$G$9:$G$1764,$AE$5) -> 0 | AI13: =SUMIFS(JURNAL_26!$K$9:$K$1764,JURNAL_26!$C$9:$C$1764,AD13,JURNAL_26!$G$9:$G$1764,$AE$5) -> 0 | AJ13: =AG13+AI13-AH13 -> 0 | AK13: 7 | AL13: JULI | AN13: =AQ12 -> 0 | AO13: =SUMIFS(JURNAL_26!$J$9:$J$1764,JURNAL_26!$C$9:$C$1764,AK13,JURNAL_26!$G$9:$G$1764,$AL$5) -> 0 | AP13: =SUMIFS(JURNAL_26!$K$9:$K$1764,JURNAL_26!$C$9:$C$1764,AK13,JURNAL_26!$G$9:$G$1764,$AL$5) -> 0 | AQ13: =AN13+AP13-AO13 -> 0
P14: 8 | Q14: AGUSTUS | S14: =V13 -> 13126700 | T14: ='LR BLN'!S8 -> 0 | U14: ='LAP KAS BLN'!V11 -> 0 | V14: =S14+T14+U14 -> 13126700 | W14: 8 | X14: AGUSTUS | Z14: =AC13 -> 0 | AA14: =SUMIFS(JURNAL_26!$J$9:$J$1764,JURNAL_26!$C$9:$C$1764,W14,JURNAL_26!$G$9:$G$1764,$X$5) -> 0 | AB14: =SUMIFS(JURNAL_26!$K$9:$K$1764,JURNAL_26!$C$9:$C$1764,W14,JURNAL_26!$G$9:$G$1764,$X$5) -> 0 | AC14: =Z14+AB14-AA14 -> 0 | AD14: 8 | AE14: AGUSTUS | AG14: =AJ13 -> 0 | AH14: =SUMIFS(JURNAL_26!$J$9:$J$1764,JURNAL_26!$C$9:$C$1764,AD14,JURNAL_26!$G$9:$G$1764,$AE$5) -> 0 | AI14: =SUMIFS(JURNAL_26!$K$9:$K$1764,JURNAL_26!$C$9:$C$1764,AD14,JURNAL_26!$G$9:$G$1764,$AE$5) -> 0 | AJ14: =AG14+AI14-AH14 -> 0 | AK14: 8 | AL14: AGUSTUS | AN14: =AQ13 -> 0 | AO14: =SUMIFS(JURNAL_26!$J$9:$J$1764,JURNAL_26!$C$9:$C$1764,AK14,JURNAL_26!$G$9:$G$1764,$AL$5) -> 0 | AP14: =SUMIFS(JURNAL_26!$K$9:$K$1764,JURNAL_26!$C$9:$C$1764,AK14,JURNAL_26!$G$9:$G$1764,$AL$5) -> 0 | AQ14: =AN14+AP14-AO14 -> 0
A15: KEWAJIBAN | P15: 9 | Q15: SEPTEMBER | S15: =V14 -> 13126700 | T15: ='LR BLN'!S9 -> 0 | U15: ='LAP KAS BLN'!V12 -> 0 | V15: =S15+T15+U15 -> 13126700 | W15: 9 | X15: SEPTEMBER | Z15: =AC14 -> 0 | AA15: =SUMIFS(JURNAL_26!$J$9:$J$1764,JURNAL_26!$C$9:$C$1764,W15,JURNAL_26!$G$9:$G$1764,$X$5) -> 0 | AB15: =SUMIFS(JURNAL_26!$K$9:$K$1764,JURNAL_26!$C$9:$C$1764,W15,JURNAL_26!$G$9:$G$1764,$X$5) -> 0 | AC15: =Z15+AB15-AA15 -> 0 | AD15: 9 | AE15: SEPTEMBER | AG15: =AJ14 -> 0 | AH15: =SUMIFS(JURNAL_26!$J$9:$J$1764,JURNAL_26!$C$9:$C$1764,AD15,JURNAL_26!$G$9:$G$1764,$AE$5) -> 0 | AI15: =SUMIFS(JURNAL_26!$K$9:$K$1764,JURNAL_26!$C$9:$C$1764,AD15,JURNAL_26!$G$9:$G$1764,$AE$5) -> 0 | AJ15: =AG15+AI15-AH15 -> 0 | AK15: 9 | AL15: SEPTEMBER | AN15: =AQ14 -> 0 | AO15: =SUMIFS(JURNAL_26!$J$9:$J$1764,JURNAL_26!$C$9:$C$1764,AK15,JURNAL_26!$G$9:$G$1764,$AL$5) -> 0 | AP15: =SUMIFS(JURNAL_26!$K$9:$K$1764,JURNAL_26!$C$9:$C$1764,AK15,JURNAL_26!$G$9:$G$1764,$AL$5) -> 0 | AQ15: =AN15+AP15-AO15 -> 0
B16: Iuran Warga Diterima di muka | F16: =Z25 -> 0 | H16: =SUMIFS(JURNAL_26!$J$9:$J$1764,JURNAL_26!$D$9:$D$1764,$Q$1,JURNAL_26!$G$9:$G$1764,B16) -> 6500000 | J16: =SUMIFS(JURNAL_26!$K$9:$K$1764,JURNAL_26!$D$9:$D$1764,$Q$1,JURNAL_26!$G$9:$G$1764,B16) -> 0 | L16: =F16+H16-J16 -> 6500000 | P16: 10 | Q16: OKTOBER | S16: =V15 -> 13126700 | T16: ='LR BLN'!S10 -> 0 | U16: ='LAP KAS BLN'!V13 -> 0 | V16: =S16+T16+U16 -> 13126700 | W16: 10 | X16: OKTOBER | Z16: =AC15 -> 0 | AA16: =SUMIFS(JURNAL_26!$J$9:$J$1764,JURNAL_26!$C$9:$C$1764,W16,JURNAL_26!$G$9:$G$1764,$X$5) -> 0 | AB16: =SUMIFS(JURNAL_26!$K$9:$K$1764,JURNAL_26!$C$9:$C$1764,W16,JURNAL_26!$G$9:$G$1764,$X$5) -> 0 | AC16: =Z16+AB16-AA16 -> 0 | AD16: 10 | AE16: OKTOBER | AG16: =AJ15 -> 0 | AH16: =SUMIFS(JURNAL_26!$J$9:$J$1764,JURNAL_26!$C$9:$C$1764,AD16,JURNAL_26!$G$9:$G$1764,$AE$5) -> 0 | AI16: =SUMIFS(JURNAL_26!$K$9:$K$1764,JURNAL_26!$C$9:$C$1764,AD16,JURNAL_26!$G$9:$G$1764,$AE$5) -> 0 | AJ16: =AG16+AI16-AH16 -> 0 | AK16: 10 | AL16: OKTOBER | AN16: =AQ15 -> 0 | AO16: =SUMIFS(JURNAL_26!$J$9:$J$1764,JURNAL_26!$C$9:$C$1764,AK16,JURNAL_26!$G$9:$G$1764,$AL$5) -> 0 | AP16: =SUMIFS(JURNAL_26!$K$9:$K$1764,JURNAL_26!$C$9:$C$1764,AK16,JURNAL_26!$G$9:$G$1764,$AL$5) -> 0 | AQ16: =AN16+AP16-AO16 -> 0
B17: Hutang lain-Lain | F17: =AG25 -> 0 | H17: =SUMIFS(JURNAL_26!$J$9:$J$1764,JURNAL_26!$D$9:$D$1764,$Q$1,JURNAL_26!$G$9:$G$1764,B17) -> 0 | J17: =SUMIFS(JURNAL_26!$K$9:$K$1764,JURNAL_26!$D$9:$D$1764,$Q$1,JURNAL_26!$G$9:$G$1764,B17) -> 0 | L17: =F17+H17-J17 -> 0 | P17: 11 | Q17: NOPEMBER | S17: =V16 -> 13126700 | T17: ='LR BLN'!S11 -> 0 | U17: ='LAP KAS BLN'!V14 -> 0 | V17: =S17+T17+U17 -> 13126700 | W17: 11 | X17: NOPEMBER | Z17: =AC16 -> 0 | AA17: =SUMIFS(JURNAL_26!$J$9:$J$1764,JURNAL_26!$C$9:$C$1764,W17,JURNAL_26!$G$9:$G$1764,$X$5) -> 0 | AB17: =SUMIFS(JURNAL_26!$K$9:$K$1764,JURNAL_26!$C$9:$C$1764,W17,JURNAL_26!$G$9:$G$1764,$X$5) -> 0 | AC17: =Z17+AB17-AA17 -> 0 | AD17: 11 | AE17: NOPEMBER | AG17: =AJ16 -> 0 | AH17: =SUMIFS(JURNAL_26!$J$9:$J$1764,JURNAL_26!$C$9:$C$1764,AD17,JURNAL_26!$G$9:$G$1764,$AE$5) -> 0 | AI17: =SUMIFS(JURNAL_26!$K$9:$K$1764,JURNAL_26!$C$9:$C$1764,AD17,JURNAL_26!$G$9:$G$1764,$AE$5) -> 0 | AJ17: =AG17+AI17-AH17 -> 0 | AK17: 11 | AL17: NOPEMBER | AN17: =AQ16 -> 0 | AO17: =SUMIFS(JURNAL_26!$J$9:$J$1764,JURNAL_26!$C$9:$C$1764,AK17,JURNAL_26!$G$9:$G$1764,$AL$5) -> 0 | AP17: =SUMIFS(JURNAL_26!$K$9:$K$1764,JURNAL_26!$C$9:$C$1764,AK17,JURNAL_26!$G$9:$G$1764,$AL$5) -> 0 | AQ17: =AN17+AP17-AO17 -> 0
P18: 12 | Q18: DESEMBER | S18: =V17 -> 13126700 | T18: ='LR BLN'!S12 -> 0 | U18: ='LAP KAS BLN'!V15 -> 0 | V18: =S18+T18+U18 -> 13126700 | W18: 12 | X18: DESEMBER | Z18: =AC17 -> 0 | AA18: =SUMIFS(JURNAL_26!$J$9:$J$1764,JURNAL_26!$C$9:$C$1764,W18,JURNAL_26!$G$9:$G$1764,$X$5) -> 0 | AB18: =SUMIFS(JURNAL_26!$K$9:$K$1764,JURNAL_26!$C$9:$C$1764,W18,JURNAL_26!$G$9:$G$1764,$X$5) -> 0 | AC18: =Z18+AB18-AA18 -> 0 | AD18: 12 | AE18: DESEMBER | AG18: =AJ17 -> 0 | AH18: =SUMIFS(JURNAL_26!$J$9:$J$1764,JURNAL_26!$C$9:$C$1764,AD18,JURNAL_26!$G$9:$G$1764,$AE$5) -> 0 | AI18: =SUMIFS(JURNAL_26!$K$9:$K$1764,JURNAL_26!$C$9:$C$1764,AD18,JURNAL_26!$G$9:$G$1764,$AE$5) -> 0 | AJ18: =AG18+AI18-AH18 -> 0 | AK18: 12 | AL18: DESEMBER | AN18: =AQ17 -> 0 | AO18: =SUMIFS(JURNAL_26!$J$9:$J$1764,JURNAL_26!$C$9:$C$1764,AK18,JURNAL_26!$G$9:$G$1764,$AL$5) -> 0 | AP18: =SUMIFS(JURNAL_26!$K$9:$K$1764,JURNAL_26!$C$9:$C$1764,AK18,JURNAL_26!$G$9:$G$1764,$AL$5) -> 0 | AQ18: =AN18+AP18-AO18 -> 0
B19: Jumlah | L19: =SUM(L16) -> 6500000 | T19: =SUM(T6:T18) -> -1633800 | U19: =SUM(U6:U18) -> 6500000
A23: MODAL | H23: =SUMIFS(JURNAL_26!$J$9:$J$447,JURNAL_26!$G$9:$G$447,B23) -> 0 | J23: =SUMIFS(JURNAL_26!$K$9:$K$447,JURNAL_26!$G$9:$G$447,B23) -> 0
B24: Saldo Awal | L24: =S6+Z6+AG6 -> 8260500 | X24: =COA!B5 -> Iuran Warga Diterima di muka | Z24: SALDO AWAL | AA24: Dr | AB24: Cr | AC24: SALDO AKHIR | AE24: =COA!B6 -> Hutang lain-Lain | AG24: SALDO AWAL | AH24: Dr | AI24: Cr | AJ24: SALDO AKHIR
B25: Surplus/Defisit | L25: ='LR YTD'!L29 -> -1633800 | W25: 1 | X25: JANUARI | Z25: 0 | AA25: =SUMIFS(JURNAL_26!$J$9:$J$1764,JURNAL_26!$C$9:$C$1764,W25,JURNAL_26!$G$9:$G$1764,$X$24) -> 900000 | AB25: =SUMIFS(JURNAL_26!$K$9:$K$1764,JURNAL_26!$C$9:$C$1764,W25,JURNAL_26!$G$9:$G$1764,$X$24) -> 0 | AC25: =Z25+AA25-AB25 -> 900000 | AD25: 1 | AE25: JANUARI | AG25: 0 | AH25: =SUMIFS(JURNAL_26!$J$9:$J$1764,JURNAL_26!$C$9:$C$1764,AD25,JURNAL_26!$G$9:$G$1764,$AE$24) -> 0 | AI25: =SUMIFS(JURNAL_26!$K$9:$K$1764,JURNAL_26!$C$9:$C$1764,AD25,JURNAL_26!$G$9:$G$1764,$AE$24) -> 0 | AJ25: =AG25+AH25-AI25 -> 0
B26: Jumlah | H26: =SUM(H6:I24) -> 7000000 | J26: =SUM(J6:K24) -> 500000 | L26: =L24+L25 -> 6626700 | W26: 2 | X26: FEBRUARI | Z26: =AC25 -> 900000 | AA26: =SUMIFS(JURNAL_26!$J$9:$J$1764,JURNAL_26!$C$9:$C$1764,W26,JURNAL_26!$G$9:$G$1764,$X$24) -> 2700000 | AB26: =SUMIFS(JURNAL_26!$K$9:$K$1764,JURNAL_26!$C$9:$C$1764,W26,JURNAL_26!$G$9:$G$1764,$X$24) -> 0 | AC26: =Z26+AA26-AB26 -> 3600000 | AD26: 2 | AE26: FEBRUARI | AG26: =AJ25 -> 0 | AH26: =SUMIFS(JURNAL_26!$J$9:$J$1764,JURNAL_26!$C$9:$C$1764,AD26,JURNAL_26!$G$9:$G$1764,$AE$24) -> 0 | AI26: =SUMIFS(JURNAL_26!$K$9:$K$1764,JURNAL_26!$C$9:$C$1764,AD26,JURNAL_26!$G$9:$G$1764,$AE$24) -> 0 | AJ26: =AG26+AH26-AI26 -> 0
W27: 3 | X27: MARET | Z27: =AC26 -> 3600000 | AA27: =SUMIFS(JURNAL_26!$J$9:$J$1764,JURNAL_26!$C$9:$C$1764,W27,JURNAL_26!$G$9:$G$1764,$X$24) -> 700000 | AB27: =SUMIFS(JURNAL_26!$K$9:$K$1764,JURNAL_26!$C$9:$C$1764,W27,JURNAL_26!$G$9:$G$1764,$X$24) -> 0 | AC27: =Z27+AA27-AB27 -> 4300000 | AD27: 3 | AE27: MARET | AG27: =AJ26 -> 0 | AH27: =SUMIFS(JURNAL_26!$J$9:$J$1764,JURNAL_26!$C$9:$C$1764,AD27,JURNAL_26!$G$9:$G$1764,$AE$24) -> 0 | AI27: =SUMIFS(JURNAL_26!$K$9:$K$1764,JURNAL_26!$C$9:$C$1764,AD27,JURNAL_26!$G$9:$G$1764,$AE$24) -> 0 | AJ27: =AG27+AH27-AI27 -> 0
W28: 4 | X28: APRIL | Z28: =AC27 -> 4300000 | AA28: =SUMIFS(JURNAL_26!$J$9:$J$1764,JURNAL_26!$C$9:$C$1764,W28,JURNAL_26!$G$9:$G$1764,$X$24) -> 1900000 | AB28: =SUMIFS(JURNAL_26!$K$9:$K$1764,JURNAL_26!$C$9:$C$1764,W28,JURNAL_26!$G$9:$G$1764,$X$24) -> 0 | AC28: =Z28+AA28-AB28 -> 6200000 | AD28: 4 | AE28: APRIL | AG28: =AJ27 -> 0 | AH28: =SUMIFS(JURNAL_26!$J$9:$J$1764,JURNAL_26!$C$9:$C$1764,AD28,JURNAL_26!$G$9:$G$1764,$AE$24) -> 0 | AI28: =SUMIFS(JURNAL_26!$K$9:$K$1764,JURNAL_26!$C$9:$C$1764,AD28,JURNAL_26!$G$9:$G$1764,$AE$24) -> 0 | AJ28: =AG28+AH28-AI28 -> 0
A29: KEWAJIBAN DAN MODAL | H29: =SUMIFS(JURNAL_26!$J$9:$J$447,JURNAL_26!$G$9:$G$447,B29) -> 0 | J29: =SUMIFS(JURNAL_26!$K$9:$K$447,JURNAL_26!$G$9:$G$447,B29) -> 0 | L29: =L19+L26 -> 13126700 | W29: 5 | X29: MEI | Z29: =AC28 -> 6200000 | AA29: =SUMIFS(JURNAL_26!$J$9:$J$1764,JURNAL_26!$C$9:$C$1764,W29,JURNAL_26!$G$9:$G$1764,$X$24) -> 300000 | AB29: =SUMIFS(JURNAL_26!$K$9:$K$1764,JURNAL_26!$C$9:$C$1764,W29,JURNAL_26!$G$9:$G$1764,$X$24) -> 0 | AC29: =Z29+AA29-AB29 -> 6500000 | AD29: 5 | AE29: MEI | AG29: =AJ28 -> 0 | AH29: =SUMIFS(JURNAL_26!$J$9:$J$1764,JURNAL_26!$C$9:$C$1764,AD29,JURNAL_26!$G$9:$G$1764,$AE$24) -> 0 | AI29: =SUMIFS(JURNAL_26!$K$9:$K$1764,JURNAL_26!$C$9:$C$1764,AD29,JURNAL_26!$G$9:$G$1764,$AE$24) -> 0 | AJ29: =AG29+AH29-AI29 -> 0
L30: =L29-L11 -> 0 | W30: 6 | X30: JUNI | Z30: =AC29 -> 6500000 | AA30: =SUMIFS(JURNAL_26!$J$9:$J$1764,JURNAL_26!$C$9:$C$1764,W30,JURNAL_26!$G$9:$G$1764,$X$24) -> 0 | AB30: =SUMIFS(JURNAL_26!$K$9:$K$1764,JURNAL_26!$C$9:$C$1764,W30,JURNAL_26!$G$9:$G$1764,$X$24) -> 0 | AC30: =Z30+AA30-AB30 -> 6500000 | AD30: 6 | AE30: JUNI | AG30: =AJ29 -> 0 | AH30: =SUMIFS(JURNAL_26!$J$9:$J$1764,JURNAL_26!$C$9:$C$1764,AD30,JURNAL_26!$G$9:$G$1764,$AE$24) -> 0 | AI30: =SUMIFS(JURNAL_26!$K$9:$K$1764,JURNAL_26!$C$9:$C$1764,AD30,JURNAL_26!$G$9:$G$1764,$AE$24) -> 0 | AJ30: =AG30+AH30-AI30 -> 0
L31: Malang, Mei 2026 | W31: 7 | X31: JULI | Z31: =AC30 -> 6500000 | AA31: =SUMIFS(JURNAL_26!$J$9:$J$1764,JURNAL_26!$C$9:$C$1764,W31,JURNAL_26!$G$9:$G$1764,$X$24) -> 0 | AB31: =SUMIFS(JURNAL_26!$K$9:$K$1764,JURNAL_26!$C$9:$C$1764,W31,JURNAL_26!$G$9:$G$1764,$X$24) -> 0 | AC31: =Z31+AA31-AB31 -> 6500000 | AD31: 7 | AE31: JULI | AG31: =AJ30 -> 0 | AH31: =SUMIFS(JURNAL_26!$J$9:$J$1764,JURNAL_26!$C$9:$C$1764,AD31,JURNAL_26!$G$9:$G$1764,$AE$24) -> 0 | AI31: =SUMIFS(JURNAL_26!$K$9:$K$1764,JURNAL_26!$C$9:$C$1764,AD31,JURNAL_26!$G$9:$G$1764,$AE$24) -> 0 | AJ31: =AG31+AH31-AI31 -> 0
L32: Disusun Oleh | W32: 8 | X32: AGUSTUS | Z32: =AC31 -> 6500000 | AA32: =SUMIFS(JURNAL_26!$J$9:$J$1764,JURNAL_26!$C$9:$C$1764,W32,JURNAL_26!$G$9:$G$1764,$X$24) -> 0 | AB32: =SUMIFS(JURNAL_26!$K$9:$K$1764,JURNAL_26!$C$9:$C$1764,W32,JURNAL_26!$G$9:$G$1764,$X$24) -> 0 | AC32: =Z32+AA32-AB32 -> 6500000 | AD32: 8 | AE32: AGUSTUS | AG32: =AJ31 -> 0 | AH32: =SUMIFS(JURNAL_26!$J$9:$J$1764,JURNAL_26!$C$9:$C$1764,AD32,JURNAL_26!$G$9:$G$1764,$AE$24) -> 0 | AI32: =SUMIFS(JURNAL_26!$K$9:$K$1764,JURNAL_26!$C$9:$C$1764,AD32,JURNAL_26!$G$9:$G$1764,$AE$24) -> 0 | AJ32: =AG32+AH32-AI32 -> 0
W33: 9 | X33: SEPTEMBER | Z33: =AC32 -> 6500000 | AA33: =SUMIFS(JURNAL_26!$J$9:$J$1764,JURNAL_26!$C$9:$C$1764,W33,JURNAL_26!$G$9:$G$1764,$X$24) -> 0 | AB33: =SUMIFS(JURNAL_26!$K$9:$K$1764,JURNAL_26!$C$9:$C$1764,W33,JURNAL_26!$G$9:$G$1764,$X$24) -> 0 | AC33: =Z33+AA33-AB33 -> 6500000 | AD33: 9 | AE33: SEPTEMBER | AG33: =AJ32 -> 0 | AH33: =SUMIFS(JURNAL_26!$J$9:$J$1764,JURNAL_26!$C$9:$C$1764,AD33,JURNAL_26!$G$9:$G$1764,$AE$24) -> 0 | AI33: =SUMIFS(JURNAL_26!$K$9:$K$1764,JURNAL_26!$C$9:$C$1764,AD33,JURNAL_26!$G$9:$G$1764,$AE$24) -> 0 | AJ33: =AG33+AH33-AI33 -> 0
W34: 10 | X34: OKTOBER | Z34: =AC33 -> 6500000 | AA34: =SUMIFS(JURNAL_26!$J$9:$J$1764,JURNAL_26!$C$9:$C$1764,W34,JURNAL_26!$G$9:$G$1764,$X$24) -> 0 | AB34: =SUMIFS(JURNAL_26!$K$9:$K$1764,JURNAL_26!$C$9:$C$1764,W34,JURNAL_26!$G$9:$G$1764,$X$24) -> 0 | AC34: =Z34+AA34-AB34 -> 6500000 | AD34: 10 | AE34: OKTOBER | AG34: =AJ33 -> 0 | AH34: =SUMIFS(JURNAL_26!$J$9:$J$1764,JURNAL_26!$C$9:$C$1764,AD34,JURNAL_26!$G$9:$G$1764,$AE$24) -> 0 | AI34: =SUMIFS(JURNAL_26!$K$9:$K$1764,JURNAL_26!$C$9:$C$1764,AD34,JURNAL_26!$G$9:$G$1764,$AE$24) -> 0 | AJ34: =AG34+AH34-AI34 -> 0
W35: 11 | X35: NOPEMBER | Z35: =AC34 -> 6500000 | AA35: =SUMIFS(JURNAL_26!$J$9:$J$1764,JURNAL_26!$C$9:$C$1764,W35,JURNAL_26!$G$9:$G$1764,$X$24) -> 0 | AB35: =SUMIFS(JURNAL_26!$K$9:$K$1764,JURNAL_26!$C$9:$C$1764,W35,JURNAL_26!$G$9:$G$1764,$X$24) -> 0 | AC35: =Z35+AA35-AB35 -> 6500000 | AD35: 11 | AE35: NOPEMBER | AG35: =AJ34 -> 0 | AH35: =SUMIFS(JURNAL_26!$J$9:$J$1764,JURNAL_26!$C$9:$C$1764,AD35,JURNAL_26!$G$9:$G$1764,$AE$24) -> 0 | AI35: =SUMIFS(JURNAL_26!$K$9:$K$1764,JURNAL_26!$C$9:$C$1764,AD35,JURNAL_26!$G$9:$G$1764,$AE$24) -> 0 | AJ35: =AG35+AH35-AI35 -> 0
W36: 12 | X36: DESEMBER | Z36: =AC35 -> 6500000 | AA36: =SUMIFS(JURNAL_26!$J$9:$J$1764,JURNAL_26!$C$9:$C$1764,W36,JURNAL_26!$G$9:$G$1764,$X$24) -> 0 | AB36: =SUMIFS(JURNAL_26!$K$9:$K$1764,JURNAL_26!$C$9:$C$1764,W36,JURNAL_26!$G$9:$G$1764,$X$24) -> 0 | AC36: =Z36+AA36-AB36 -> 6500000 | AD36: 12 | AE36: DESEMBER | AG36: =AJ35 -> 0 | AH36: =SUMIFS(JURNAL_26!$J$9:$J$1764,JURNAL_26!$C$9:$C$1764,AD36,JURNAL_26!$G$9:$G$1764,$AE$24) -> 0 | AI36: =SUMIFS(JURNAL_26!$K$9:$K$1764,JURNAL_26!$C$9:$C$1764,AD36,JURNAL_26!$G$9:$G$1764,$AE$24) -> 0 | AJ36: =AG36+AH36-AI36 -> 0
L37: Andrianto Budiaji | T37: =SUM(T25:T36) -> 0 | U37: =SUM(U25:U36) -> 0
